"Kod";"Jednostka terytorialna";"0-4";"0-4";"0-4";"0-4";"0-4";"0-4";"0-4";"0-4";"0-4";"0-4";"0-4";"0-4";"0-4";"0-4";"0-4";"0-4";"0-4";"0-4";"0-4";"0-4";"0-4";"0-4";"0-4";"0-4";"5-9";"5-9";"5-9";"5-9";"5-9";"5-9";"5-9";"5-9";"5-9";"5-9";"5-9";"5-9";"5-9";"5-9";"5-9";"5-9";"5-9";"5-9";"5-9";"5-9";"5-9";"5-9";"5-9";"5-9";"10-14";"10-14";"10-14";"10-14";"10-14";"10-14";"10-14";"10-14";"10-14";"10-14";"10-14";"10-14";"10-14";"10-14";"10-14";"10-14";"10-14";"10-14";"10-14";"10-14";"10-14";"10-14";"10-14";"10-14";"15-19";"15-19";"15-19";"15-19";"15-19";"15-19";"15-19";"15-19";"15-19";"15-19";"15-19";"15-19";"15-19";"15-19";"15-19";"15-19";"15-19";"15-19";"15-19";"15-19";"15-19";"15-19";"15-19";"15-19";"20-24";"20-24";"20-24";"20-24";"20-24";"20-24";"20-24";"20-24";"20-24";"20-24";"20-24";"20-24";"20-24";"20-24";"20-24";"20-24";"20-24";"20-24";"20-24";"20-24";"20-24";"20-24";"20-24";"20-24";"25-29";"25-29";"25-29";"25-29";"25-29";"25-29";"25-29";"25-29";"25-29";"25-29";"25-29";"25-29";"25-29";"25-29";"25-29";"25-29";"25-29";"25-29";"25-29";"25-29";"25-29";"25-29";"25-29";"25-29";"30-34";"30-34";"30-34";"30-34";"30-34";"30-34";"30-34";"30-34";"30-34";"30-34";"30-34";"30-34";"30-34";"30-34";"30-34";"30-34";"30-34";"30-34";"30-34";"30-34";"30-34";"30-34";"30-34";"30-34";"35-39";"35-39";"35-39";"35-39";"35-39";"35-39";"35-39";"35-39";"35-39";"35-39";"35-39";"35-39";"35-39";"35-39";"35-39";"35-39";"35-39";"35-39";"35-39";"35-39";"35-39";"35-39";"35-39";"35-39";"40-44";"40-44";"40-44";"40-44";"40-44";"40-44";"40-44";"40-44";"40-44";"40-44";"40-44";"40-44";"40-44";"40-44";"40-44";"40-44";"40-44";"40-44";"40-44";"40-44";"40-44";"40-44";"40-44";"40-44";"45-49";"45-49";"45-49";"45-49";"45-49";"45-49";"45-49";"45-49";"45-49";"45-49";"45-49";"45-49";"45-49";"45-49";"45-49";"45-49";"45-49";"45-49";"45-49";"45-49";"45-49";"45-49";"45-49";"45-49";"50-54";"50-54";"50-54";"50-54";"50-54";"50-54";"50-54";"50-54";"50-54";"50-54";"50-54";"50-54";"50-54";"50-54";"50-54";"50-54";"50-54";"50-54";"50-54";"50-54";"50-54";"50-54";"50-54";"50-54";"55-59";"55-59";"55-59";"55-59";"55-59";"55-59";"55-59";"55-59";"55-59";"55-59";"55-59";"55-59";"55-59";"55-59";"55-59";"55-59";"55-59";"55-59";"55-59";"55-59";"55-59";"55-59";"55-59";"55-59";"60-64";"60-64";"60-64";"60-64";"60-64";"60-64";"60-64";"60-64";"60-64";"60-64";"60-64";"60-64";"60-64";"60-64";"60-64";"60-64";"60-64";"60-64";"60-64";"60-64";"60-64";"60-64";"60-64";"60-64";"65-69";"65-69";"65-69";"65-69";"65-69";"65-69";"65-69";"65-69";"65-69";"65-69";"65-69";"65-69";"65-69";"65-69";"65-69";"65-69";"65-69";"65-69";"65-69";"65-69";"65-69";"65-69";"65-69";"65-69";"70-74";"70-74";"70-74";"70-74";"70-74";"70-74";"70-74";"70-74";"70-74";"70-74";"70-74";"70-74";"70-74";"70-74";"70-74";"70-74";"70-74";"70-74";"70-74";"70-74";"70-74";"70-74";"70-74";"70-74";"75-79";"75-79";"75-79";"75-79";"75-79";"75-79";"75-79";"75-79";"75-79";"75-79";"75-79";"75-79";"75-79";"75-79";"75-79";"75-79";"75-79";"75-79";"75-79";"75-79";"75-79";"75-79";"75-79";"75-79";"80-84";"80-84";"80-84";"80-84";"80-84";"80-84";"80-84";"80-84";"80-84";"80-84";"80-84";"80-84";"80-84";"80-84";"80-84";"80-84";"80-84";"80-84";"80-84";"80-84";"80-84";"80-84";"80-84";"80-84";"85 i więcej";"85 i więcej";"85 i więcej";"85 i więcej";"85 i więcej";"85 i więcej";"85 i więcej";"85 i więcej";"85 i więcej";"85 i więcej";"85 i więcej";"85 i więcej";"85 i więcej";"85 i więcej";"85 i więcej";"85 i więcej";"85 i więcej";"85 i więcej";"85 i więcej";"85 i więcej";"85 i więcej";"85 i więcej";"85 i więcej";"85 i więcej";
;;"mężczyźni";"mężczyźni";"mężczyźni";"mężczyźni";"mężczyźni";"mężczyźni";"mężczyźni";"mężczyźni";"mężczyźni";"mężczyźni";"mężczyźni";"mężczyźni";"kobiety";"kobiety";"kobiety";"kobiety";"kobiety";"kobiety";"kobiety";"kobiety";"kobiety";"kobiety";"kobiety";"kobiety";"mężczyźni";"mężczyźni";"mężczyźni";"mężczyźni";"mężczyźni";"mężczyźni";"mężczyźni";"mężczyźni";"mężczyźni";"mężczyźni";"mężczyźni";"mężczyźni";"kobiety";"kobiety";"kobiety";"kobiety";"kobiety";"kobiety";"kobiety";"kobiety";"kobiety";"kobiety";"kobiety";"kobiety";"mężczyźni";"mężczyźni";"mężczyźni";"mężczyźni";"mężczyźni";"mężczyźni";"mężczyźni";"mężczyźni";"mężczyźni";"mężczyźni";"mężczyźni";"mężczyźni";"kobiety";"kobiety";"kobiety";"kobiety";"kobiety";"kobiety";"kobiety";"kobiety";"kobiety";"kobiety";"kobiety";"kobiety";"mężczyźni";"mężczyźni";"mężczyźni";"mężczyźni";"mężczyźni";"mężczyźni";"mężczyźni";"mężczyźni";"mężczyźni";"mężczyźni";"mężczyźni";"mężczyźni";"kobiety";"kobiety";"kobiety";"kobiety";"kobiety";"kobiety";"kobiety";"kobiety";"kobiety";"kobiety";"kobiety";"kobiety";"mężczyźni";"mężczyźni";"mężczyźni";"mężczyźni";"mężczyźni";"mężczyźni";"mężczyźni";"mężczyźni";"mężczyźni";"mężczyźni";"mężczyźni";"mężczyźni";"kobiety";"kobiety";"kobiety";"kobiety";"kobiety";"kobiety";"kobiety";"kobiety";"kobiety";"kobiety";"kobiety";"kobiety";"mężczyźni";"mężczyźni";"mężczyźni";"mężczyźni";"mężczyźni";"mężczyźni";"mężczyźni";"mężczyźni";"mężczyźni";"mężczyźni";"mężczyźni";"mężczyźni";"kobiety";"kobiety";"kobiety";"kobiety";"kobiety";"kobiety";"kobiety";"kobiety";"kobiety";"kobiety";"kobiety";"kobiety";"mężczyźni";"mężczyźni";"mężczyźni";"mężczyźni";"mężczyźni";"mężczyźni";"mężczyźni";"mężczyźni";"mężczyźni";"mężczyźni";"mężczyźni";"mężczyźni";"kobiety";"kobiety";"kobiety";"kobiety";"kobiety";"kobiety";"kobiety";"kobiety";"kobiety";"kobiety";"kobiety";"kobiety";"mężczyźni";"mężczyźni";"mężczyźni";"mężczyźni";"mężczyźni";"mężczyźni";"mężczyźni";"mężczyźni";"mężczyźni";"mężczyźni";"mężczyźni";"mężczyźni";"kobiety";"kobiety";"kobiety";"kobiety";"kobiety";"kobiety";"kobiety";"kobiety";"kobiety";"kobiety";"kobiety";"kobiety";"mężczyźni";"mężczyźni";"mężczyźni";"mężczyźni";"mężczyźni";"mężczyźni";"mężczyźni";"mężczyźni";"mężczyźni";"mężczyźni";"mężczyźni";"mężczyźni";"kobiety";"kobiety";"kobiety";"kobiety";"kobiety";"kobiety";"kobiety";"kobiety";"kobiety";"kobiety";"kobiety";"kobiety";"mężczyźni";"mężczyźni";"mężczyźni";"mężczyźni";"mężczyźni";"mężczyźni";"mężczyźni";"mężczyźni";"mężczyźni";"mężczyźni";"mężczyźni";"mężczyźni";"kobiety";"kobiety";"kobiety";"kobiety";"kobiety";"kobiety";"kobiety";"kobiety";"kobiety";"kobiety";"kobiety";"kobiety";"mężczyźni";"mężczyźni";"mężczyźni";"mężczyźni";"mężczyźni";"mężczyźni";"mężczyźni";"mężczyźni";"mężczyźni";"mężczyźni";"mężczyźni";"mężczyźni";"kobiety";"kobiety";"kobiety";"kobiety";"kobiety";"kobiety";"kobiety";"kobiety";"kobiety";"kobiety";"kobiety";"kobiety";"mężczyźni";"mężczyźni";"mężczyźni";"mężczyźni";"mężczyźni";"mężczyźni";"mężczyźni";"mężczyźni";"mężczyźni";"mężczyźni";"mężczyźni";"mężczyźni";"kobiety";"kobiety";"kobiety";"kobiety";"kobiety";"kobiety";"kobiety";"kobiety";"kobiety";"kobiety";"kobiety";"kobiety";"mężczyźni";"mężczyźni";"mężczyźni";"mężczyźni";"mężczyźni";"mężczyźni";"mężczyźni";"mężczyźni";"mężczyźni";"mężczyźni";"mężczyźni";"mężczyźni";"kobiety";"kobiety";"kobiety";"kobiety";"kobiety";"kobiety";"kobiety";"kobiety";"kobiety";"kobiety";"kobiety";"kobiety";"mężczyźni";"mężczyźni";"mężczyźni";"mężczyźni";"mężczyźni";"mężczyźni";"mężczyźni";"mężczyźni";"mężczyźni";"mężczyźni";"mężczyźni";"mężczyźni";"kobiety";"kobiety";"kobiety";"kobiety";"kobiety";"kobiety";"kobiety";"kobiety";"kobiety";"kobiety";"kobiety";"kobiety";"mężczyźni";"mężczyźni";"mężczyźni";"mężczyźni";"mężczyźni";"mężczyźni";"mężczyźni";"mężczyźni";"mężczyźni";"mężczyźni";"mężczyźni";"mężczyźni";"kobiety";"kobiety";"kobiety";"kobiety";"kobiety";"kobiety";"kobiety";"kobiety";"kobiety";"kobiety";"kobiety";"kobiety";"mężczyźni";"mężczyźni";"mężczyźni";"mężczyźni";"mężczyźni";"mężczyźni";"mężczyźni";"mężczyźni";"mężczyźni";"mężczyźni";"mężczyźni";"mężczyźni";"kobiety";"kobiety";"kobiety";"kobiety";"kobiety";"kobiety";"kobiety";"kobiety";"kobiety";"kobiety";"kobiety";"kobiety";"mężczyźni";"mężczyźni";"mężczyźni";"mężczyźni";"mężczyźni";"mężczyźni";"mężczyźni";"mężczyźni";"mężczyźni";"mężczyźni";"mężczyźni";"mężczyźni";"kobiety";"kobiety";"kobiety";"kobiety";"kobiety";"kobiety";"kobiety";"kobiety";"kobiety";"kobiety";"kobiety";"kobiety";"mężczyźni";"mężczyźni";"mężczyźni";"mężczyźni";"mężczyźni";"mężczyźni";"mężczyźni";"mężczyźni";"mężczyźni";"mężczyźni";"mężczyźni";"mężczyźni";"kobiety";"kobiety";"kobiety";"kobiety";"kobiety";"kobiety";"kobiety";"kobiety";"kobiety";"kobiety";"kobiety";"kobiety";
;;"2002";"2003";"2004";"2005";"2006";"2007";"2008";"2009";"2010";"2011";"2012";"2013";"2002";"2003";"2004";"2005";"2006";"2007";"2008";"2009";"2010";"2011";"2012";"2013";"2002";"2003";"2004";"2005";"2006";"2007";"2008";"2009";"2010";"2011";"2012";"2013";"2002";"2003";"2004";"2005";"2006";"2007";"2008";"2009";"2010";"2011";"2012";"2013";"2002";"2003";"2004";"2005";"2006";"2007";"2008";"2009";"2010";"2011";"2012";"2013";"2002";"2003";"2004";"2005";"2006";"2007";"2008";"2009";"2010";"2011";"2012";"2013";"2002";"2003";"2004";"2005";"2006";"2007";"2008";"2009";"2010";"2011";"2012";"2013";"2002";"2003";"2004";"2005";"2006";"2007";"2008";"2009";"2010";"2011";"2012";"2013";"2002";"2003";"2004";"2005";"2006";"2007";"2008";"2009";"2010";"2011";"2012";"2013";"2002";"2003";"2004";"2005";"2006";"2007";"2008";"2009";"2010";"2011";"2012";"2013";"2002";"2003";"2004";"2005";"2006";"2007";"2008";"2009";"2010";"2011";"2012";"2013";"2002";"2003";"2004";"2005";"2006";"2007";"2008";"2009";"2010";"2011";"2012";"2013";"2002";"2003";"2004";"2005";"2006";"2007";"2008";"2009";"2010";"2011";"2012";"2013";"2002";"2003";"2004";"2005";"2006";"2007";"2008";"2009";"2010";"2011";"2012";"2013";"2002";"2003";"2004";"2005";"2006";"2007";"2008";"2009";"2010";"2011";"2012";"2013";"2002";"2003";"2004";"2005";"2006";"2007";"2008";"2009";"2010";"2011";"2012";"2013";"2002";"2003";"2004";"2005";"2006";"2007";"2008";"2009";"2010";"2011";"2012";"2013";"2002";"2003";"2004";"2005";"2006";"2007";"2008";"2009";"2010";"2011";"2012";"2013";"2002";"2003";"2004";"2005";"2006";"2007";"2008";"2009";"2010";"2011";"2012";"2013";"2002";"2003";"2004";"2005";"2006";"2007";"2008";"2009";"2010";"2011";"2012";"2013";"2002";"2003";"2004";"2005";"2006";"2007";"2008";"2009";"2010";"2011";"2012";"2013";"2002";"2003";"2004";"2005";"2006";"2007";"2008";"2009";"2010";"2011";"2012";"2013";"2002";"2003";"2004";"2005";"2006";"2007";"2008";"2009";"2010";"2011";"2012";"2013";"2002";"2003";"2004";"2005";"2006";"2007";"2008";"2009";"2010";"2011";"2012";"2013";"2002";"2003";"2004";"2005";"2006";"2007";"2008";"2009";"2010";"2011";"2012";"2013";"2002";"2003";"2004";"2005";"2006";"2007";"2008";"2009";"2010";"2011";"2012";"2013";"2002";"2003";"2004";"2005";"2006";"2007";"2008";"2009";"2010";"2011";"2012";"2013";"2002";"2003";"2004";"2005";"2006";"2007";"2008";"2009";"2010";"2011";"2012";"2013";"2002";"2003";"2004";"2005";"2006";"2007";"2008";"2009";"2010";"2011";"2012";"2013";"2002";"2003";"2004";"2005";"2006";"2007";"2008";"2009";"2010";"2011";"2012";"2013";"2002";"2003";"2004";"2005";"2006";"2007";"2008";"2009";"2010";"2011";"2012";"2013";"2002";"2003";"2004";"2005";"2006";"2007";"2008";"2009";"2010";"2011";"2012";"2013";"2002";"2003";"2004";"2005";"2006";"2007";"2008";"2009";"2010";"2011";"2012";"2013";"2002";"2003";"2004";"2005";"2006";"2007";"2008";"2009";"2010";"2011";"2012";"2013";"2002";"2003";"2004";"2005";"2006";"2007";"2008";"2009";"2010";"2011";"2012";"2013";"2002";"2003";"2004";"2005";"2006";"2007";"2008";"2009";"2010";"2011";"2012";"2013";
;;"[osoba]";"[osoba]";"[osoba]";"[osoba]";"[osoba]";"[osoba]";"[osoba]";"[osoba]";"[osoba]";"[osoba]";"[osoba]";"[osoba]";"[osoba]";"[osoba]";"[osoba]";"[osoba]";"[osoba]";"[osoba]";"[osoba]";"[osoba]";"[osoba]";"[osoba]";"[osoba]";"[osoba]";"[osoba]";"[osoba]";"[osoba]";"[osoba]";"[osoba]";"[osoba]";"[osoba]";"[osoba]";"[osoba]";"[osoba]";"[osoba]";"[osoba]";"[osoba]";"[osoba]";"[osoba]";"[osoba]";"[osoba]";"[osoba]";"[osoba]";"[osoba]";"[osoba]";"[osoba]";"[osoba]";"[osoba]";"[osoba]";"[osoba]";"[osoba]";"[osoba]";"[osoba]";"[osoba]";"[osoba]";"[osoba]";"[osoba]";"[osoba]";"[osoba]";"[osoba]";"[osoba]";"[osoba]";"[osoba]";"[osoba]";"[osoba]";"[osoba]";"[osoba]";"[osoba]";"[osoba]";"[osoba]";"[osoba]";"[osoba]";"[osoba]";"[osoba]";"[osoba]";"[osoba]";"[osoba]";"[osoba]";"[osoba]";"[osoba]";"[osoba]";"[osoba]";"[osoba]";"[osoba]";"[osoba]";"[osoba]";"[osoba]";"[osoba]";"[osoba]";"[osoba]";"[osoba]";"[osoba]";"[osoba]";"[osoba]";"[osoba]";"[osoba]";"[osoba]";"[osoba]";"[osoba]";"[osoba]";"[osoba]";"[osoba]";"[osoba]";"[osoba]";"[osoba]";"[osoba]";"[osoba]";"[osoba]";"[osoba]";"[osoba]";"[osoba]";"[osoba]";"[osoba]";"[osoba]";"[osoba]";"[osoba]";"[osoba]";"[osoba]";"[osoba]";"[osoba]";"[osoba]";"[osoba]";"[osoba]";"[osoba]";"[osoba]";"[osoba]";"[osoba]";"[osoba]";"[osoba]";"[osoba]";"[osoba]";"[osoba]";"[osoba]";"[osoba]";"[osoba]";"[osoba]";"[osoba]";"[osoba]";"[osoba]";"[osoba]";"[osoba]";"[osoba]";"[osoba]";"[osoba]";"[osoba]";"[osoba]";"[osoba]";"[osoba]";"[osoba]";"[osoba]";"[osoba]";"[osoba]";"[osoba]";"[osoba]";"[osoba]";"[osoba]";"[osoba]";"[osoba]";"[osoba]";"[osoba]";"[osoba]";"[osoba]";"[osoba]";"[osoba]";"[osoba]";"[osoba]";"[osoba]";"[osoba]";"[osoba]";"[osoba]";"[osoba]";"[osoba]";"[osoba]";"[osoba]";"[osoba]";"[osoba]";"[osoba]";"[osoba]";"[osoba]";"[osoba]";"[osoba]";"[osoba]";"[osoba]";"[osoba]";"[osoba]";"[osoba]";"[osoba]";"[osoba]";"[osoba]";"[osoba]";"[osoba]";"[osoba]";"[osoba]";"[osoba]";"[osoba]";"[osoba]";"[osoba]";"[osoba]";"[osoba]";"[osoba]";"[osoba]";"[osoba]";"[osoba]";"[osoba]";"[osoba]";"[osoba]";"[osoba]";"[osoba]";"[osoba]";"[osoba]";"[osoba]";"[osoba]";"[osoba]";"[osoba]";"[osoba]";"[osoba]";"[osoba]";"[osoba]";"[osoba]";"[osoba]";"[osoba]";"[osoba]";"[osoba]";"[osoba]";"[osoba]";"[osoba]";"[osoba]";"[osoba]";"[osoba]";"[osoba]";"[osoba]";"[osoba]";"[osoba]";"[osoba]";"[osoba]";"[osoba]";"[osoba]";"[osoba]";"[osoba]";"[osoba]";"[osoba]";"[osoba]";"[osoba]";"[osoba]";"[osoba]";"[osoba]";"[osoba]";"[osoba]";"[osoba]";"[osoba]";"[osoba]";"[osoba]";"[osoba]";"[osoba]";"[osoba]";"[osoba]";"[osoba]";"[osoba]";"[osoba]";"[osoba]";"[osoba]";"[osoba]";"[osoba]";"[osoba]";"[osoba]";"[osoba]";"[osoba]";"[osoba]";"[osoba]";"[osoba]";"[osoba]";"[osoba]";"[osoba]";"[osoba]";"[osoba]";"[osoba]";"[osoba]";"[osoba]";"[osoba]";"[osoba]";"[osoba]";"[osoba]";"[osoba]";"[osoba]";"[osoba]";"[osoba]";"[osoba]";"[osoba]";"[osoba]";"[osoba]";"[osoba]";"[osoba]";"[osoba]";"[osoba]";"[osoba]";"[osoba]";"[osoba]";"[osoba]";"[osoba]";"[osoba]";"[osoba]";"[osoba]";"[osoba]";"[osoba]";"[osoba]";"[osoba]";"[osoba]";"[osoba]";"[osoba]";"[osoba]";"[osoba]";"[osoba]";"[osoba]";"[osoba]";"[osoba]";"[osoba]";"[osoba]";"[osoba]";"[osoba]";"[osoba]";"[osoba]";"[osoba]";"[osoba]";"[osoba]";"[osoba]";"[osoba]";"[osoba]";"[osoba]";"[osoba]";"[osoba]";"[osoba]";"[osoba]";"[osoba]";"[osoba]";"[osoba]";"[osoba]";"[osoba]";"[osoba]";"[osoba]";"[osoba]";"[osoba]";"[osoba]";"[osoba]";"[osoba]";"[osoba]";"[osoba]";"[osoba]";"[osoba]";"[osoba]";"[osoba]";"[osoba]";"[osoba]";"[osoba]";"[osoba]";"[osoba]";"[osoba]";"[osoba]";"[osoba]";"[osoba]";"[osoba]";"[osoba]";"[osoba]";"[osoba]";"[osoba]";"[osoba]";"[osoba]";"[osoba]";"[osoba]";"[osoba]";"[osoba]";"[osoba]";"[osoba]";"[osoba]";"[osoba]";"[osoba]";"[osoba]";"[osoba]";"[osoba]";"[osoba]";"[osoba]";"[osoba]";"[osoba]";"[osoba]";"[osoba]";"[osoba]";"[osoba]";"[osoba]";"[osoba]";"[osoba]";"[osoba]";"[osoba]";"[osoba]";"[osoba]";"[osoba]";"[osoba]";"[osoba]";"[osoba]";"[osoba]";"[osoba]";"[osoba]";"[osoba]";"[osoba]";"[osoba]";"[osoba]";"[osoba]";"[osoba]";"[osoba]";"[osoba]";"[osoba]";"[osoba]";"[osoba]";"[osoba]";"[osoba]";"[osoba]";"[osoba]";"[osoba]";"[osoba]";"[osoba]";"[osoba]";"[osoba]";"[osoba]";"[osoba]";"[osoba]";"[osoba]";"[osoba]";"[osoba]";"[osoba]";"[osoba]";"[osoba]";"[osoba]";"[osoba]";"[osoba]";
"2122001000";"Powiat bocheński";"3022";"2907";"2839";"2724";"2721";"2801";"2893";"3099";"3245";"3314";"3306";"3324";"2820";"2797";"2749";"2744";"2830";"2852";"2887";"2996";"3085";"3086";"3088";"3017";"3563";"3375";"3320";"3264";"3173";"3090";"2975";"2861";"2817";"2827";"2935";"3011";"3442";"3264";"3149";"3092";"2988";"2900";"2879";"2818";"2835";"2929";"2971";"3044";"4312";"4228";"4085";"3941";"3764";"3612";"3431";"3344";"3298";"3214";"3123";"3013";"4109";"4046";"3998";"3784";"3629";"3498";"3317";"3173";"3094";"2995";"2929";"2898";"4610";"4559";"4572";"4491";"4359";"4276";"4159";"3982";"3873";"3743";"3627";"3461";"4486";"4445";"4424";"4323";"4197";"4134";"4084";"4000";"3779";"3630";"3488";"3308";"4079";"4214";"4403";"4396";"4584";"4544";"4488";"4463";"4406";"4303";"4265";"4177";"3896";"4085";"4266";"4383";"4450";"4446";"4338";"4228";"4118";"4062";"4058";"4050";"3755";"3876";"4052";"4213";"4218";"4314";"4435";"4538";"4426";"4567";"4539";"4515";"3700";"3789";"3911";"3957";"4087";"4171";"4320";"4424";"4418";"4419";"4377";"4273";"3260";"3335";"3494";"3586";"3657";"3748";"3910";"4020";"4220";"4225";"4288";"4382";"3207";"3254";"3418";"3556";"3603";"3740";"3810";"3909";"4007";"4087";"4143";"4236";"3188";"3166";"3161";"3159";"3208";"3244";"3337";"3472";"3690";"3791";"3920";"4033";"3181";"3181";"3229";"3173";"3206";"3235";"3304";"3461";"3638";"3729";"3854";"3894";"3500";"3446";"3401";"3307";"3207";"3205";"3167";"3141";"3229";"3320";"3326";"3412";"3273";"3179";"3142";"3201";"3225";"3215";"3216";"3221";"3218";"3262";"3283";"3352";"3554";"3570";"3676";"3646";"3623";"3508";"3438";"3330";"3316";"3245";"3217";"3218";"3349";"3421";"3501";"3439";"3367";"3326";"3219";"3137";"3246";"3255";"3252";"3279";"3097";"3173";"3330";"3426";"3450";"3555";"3548";"3571";"3559";"3538";"3447";"3393";"3019";"3101";"3237";"3293";"3307";"3394";"3462";"3482";"3412";"3357";"3326";"3227";"2052";"2293";"2468";"2677";"2897";"3013";"3104";"3213";"3312";"3312";"3397";"3380";"2080";"2287";"2451";"2713";"2930";"3038";"3125";"3231";"3268";"3284";"3371";"3436";"1619";"1581";"1626";"1634";"1745";"1928";"2168";"2302";"2546";"2763";"2856";"2931";"1833";"1793";"1816";"1817";"1947";"2086";"2281";"2419";"2658";"2885";"2972";"3065";"1670";"1649";"1647";"1615";"1524";"1453";"1440";"1448";"1469";"1570";"1768";"1971";"2089";"2021";"2058";"2002";"1897";"1792";"1759";"1757";"1761";"1890";"2028";"2209";"-";"-";"-";"1378";"1374";"1399";"1378";"1359";"1339";"1301";"1240";"1213";"-";"-";"-";"1999";"1976";"1983";"1904";"1927";"1847";"1753";"1664";"1640";"-";"-";"-";"954";"982";"1000";"1014";"1048";"1075";"1083";"1099";"1105";"-";"-";"-";"1735";"1778";"1790";"1787";"1782";"1779";"1724";"1734";"1698";"-";"-";"-";"521";"557";"568";"593";"603";"638";"673";"678";"697";"-";"-";"-";"1306";"1319";"1281";"1290";"1255";"1296";"1395";"1420";"1407";"-";"-";"-";"230";"243";"266";"275";"269";"308";"326";"358";"389";"-";"-";"-";"653";"704";"799";"867";"898";"1006";"1012";"1057";"1107";
"2122006000";"Powiat krakowski";"6454";"6231";"6075";"6027";"5912";"5975";"6338";"6770";"7531";"7680";"7778";"7577";"6265";"6018";"5861";"5722";"5534";"5712";"6004";"6305";"7021";"7236";"7222";"7056";"7595";"7481";"7322";"7066";"6934";"6778";"6550";"6484";"6833";"6936";"7190";"7619";"7381";"7254";"7097";"6878";"6793";"6585";"6358";"6274";"6554";"6527";"6796";"7164";"9183";"8945";"8717";"8478";"8201";"7960";"7872";"7682";"7497";"7343";"7327";"7198";"8920";"8735";"8440";"8265";"7946";"7666";"7539";"7446";"7290";"7260";"7179";"7006";"10225";"10088";"9912";"9755";"9618";"9517";"9320";"9057";"8721";"8511";"8226";"8051";"9566";"9457";"9430";"9309";"9347";"9269";"9058";"8766";"8475";"8155";"7937";"7862";"10021";"10217";"10443";"10537";"10561";"10432";"10241";"10020";"9720";"9632";"9513";"9277";"9644";"9881";"10024";"10140";"10000";"9847";"9763";"9641";"9490";"9477";"9370";"9072";"9136";"9439";"9575";"9840";"10026";"10265";"10533";"10790";"10763";"10700";"10623";"10393";"8939";"9269";"9481";"9630";"9789";"10062";"10306";"10572";"10537";"10428";"10244";"10103";"8177";"8307";"8596";"8783";"9121";"9472";"9810";"10067";"10608";"10797";"10988";"11198";"7781";"8043";"8295";"8638";"9064";"9343";"9720";"10078";"10577";"10768";"11008";"11148";"7811";"7964";"7986";"8201";"8335";"8578";"8707";"9114";"9895";"10237";"10590";"10847";"7765";"7747";"7882";"7949";"8056";"8284";"8502";"8858";"9672";"10173";"10618";"10941";"9034";"8604";"8479";"8225";"8183";"8082";"8236";"8239";"8737";"9003";"9335";"9623";"8776";"8523";"8281";"8219";"8104";"8059";"8066";"8212";"8412";"8585";"8895";"9248";"9339";"9573";"9549";"9457";"9333";"9119";"8673";"8555";"8510";"8485";"8412";"8562";"8976";"9134";"9267";"9203";"9182";"8996";"8746";"8516";"8440";"8406";"8362";"8356";"7992";"8286";"8641";"9005";"9108";"9265";"9453";"9399";"9528";"9352";"9114";"8682";"7933";"8301";"8598";"8897";"8993";"9225";"9350";"9457";"9384";"9300";"9128";"8838";"5345";"5927";"6461";"6970";"7443";"7799";"8109";"8425";"8920";"8989";"9176";"9427";"5676";"6225";"6707";"7183";"7701";"8068";"8413";"8709";"9050";"9135";"9330";"9411";"4396";"4291";"4207";"4267";"4549";"5051";"5574";"6125";"6689";"7182";"7513";"7753";"4945";"4833";"4747";"4784";"5117";"5637";"6188";"6687";"7176";"7711";"8040";"8376";"4366";"4384";"4343";"4263";"4143";"3921";"3818";"3770";"3864";"4142";"4618";"5162";"5557";"5488";"5441";"5266";"5013";"4795";"4688";"4619";"4622";"4989";"5529";"6066";"-";"-";"-";"3720";"3712";"3582";"3602";"3597";"3539";"3462";"3367";"3305";"-";"-";"-";"5385";"5307";"5167";"5141";"5097";"4917";"4715";"4464";"4363";"-";"-";"-";"2619";"2756";"2929";"2922";"2919";"2839";"2840";"2742";"2793";"-";"-";"-";"4552";"4675";"4778";"4796";"4773";"4723";"4668";"4578";"4541";"-";"-";"-";"1363";"1449";"1498";"1554";"1620";"1703";"1794";"1930";"1915";"-";"-";"-";"3188";"3265";"3317";"3333";"3441";"3519";"3639";"3711";"3726";"-";"-";"-";"658";"682";"722";"787";"818";"893";"939";"952";"1031";"-";"-";"-";"1841";"1992";"2148";"2325";"2442";"2612";"2661";"2834";"2959";
"2122008000";"Powiat miechowski";"1233";"1232";"1238";"1202";"1207";"1193";"1169";"1187";"1215";"1210";"1216";"1234";"1215";"1189";"1177";"1154";"1174";"1176";"1190";"1216";"1229";"1221";"1214";"1148";"1611";"1512";"1381";"1310";"1245";"1196";"1193";"1210";"1185";"1181";"1145";"1147";"1438";"1371";"1310";"1256";"1206";"1202";"1199";"1174";"1118";"1139";"1162";"1183";"1771";"1784";"1732";"1711";"1633";"1599";"1494";"1374";"1319";"1266";"1245";"1214";"1732";"1717";"1672";"1651";"1566";"1445";"1367";"1297";"1284";"1215";"1197";"1186";"2128";"2019";"1958";"1866";"1794";"1691";"1693";"1649";"1682";"1617";"1589";"1492";"1949";"1892";"1814";"1696";"1669";"1659";"1616";"1587";"1608";"1547";"1441";"1369";"2056";"2073";"2073";"2090";"2101";"2037";"1944";"1899";"1816";"1788";"1729";"1760";"1802";"1817";"1808";"1876";"1875";"1935";"1872";"1817";"1691";"1674";"1664";"1646";"1931";"1997";"2003";"2036";"2061";"2104";"2116";"2162";"2098";"2075";"2009";"1919";"1728";"1775";"1834";"1858";"1909";"1823";"1846";"1870";"1857";"1836";"1833";"1769";"1533";"1625";"1668";"1733";"1799";"1884";"1948";"1959";"1991";"1985";"2017";"2023";"1443";"1479";"1487";"1550";"1598";"1679";"1720";"1768";"1846";"1873";"1802";"1822";"1523";"1504";"1544";"1534";"1513";"1504";"1570";"1628";"1762";"1835";"1913";"1945";"1468";"1460";"1443";"1423";"1395";"1424";"1453";"1452";"1583";"1623";"1719";"1747";"1785";"1661";"1546";"1540";"1536";"1507";"1473";"1516";"1560";"1533";"1536";"1625";"1684";"1647";"1574";"1541";"1559";"1472";"1458";"1435";"1433";"1401";"1426";"1469";"2001";"1987";"1953";"1887";"1801";"1737";"1625";"1501";"1506";"1507";"1478";"1469";"1871";"1837";"1808";"1772";"1669";"1688";"1631";"1588";"1550";"1565";"1496";"1475";"1843";"1896";"1906";"1930";"1930";"1933";"1913";"1883";"1876";"1788";"1750";"1609";"1794";"1835";"1834";"1858";"1839";"1849";"1823";"1795";"1789";"1686";"1687";"1636";"1409";"1514";"1596";"1658";"1726";"1754";"1796";"1803";"1896";"1883";"1875";"1873";"1474";"1564";"1635";"1736";"1808";"1803";"1828";"1843";"1875";"1844";"1853";"1830";"1087";"1073";"1056";"1096";"1174";"1308";"1397";"1478";"1589";"1664";"1667";"1714";"1196";"1193";"1201";"1186";"1298";"1434";"1514";"1593";"1692";"1783";"1763";"1795";"972";"981";"1003";"1014";"997";"946";"955";"952";"969";"1032";"1170";"1266";"1288";"1263";"1236";"1245";"1192";"1143";"1122";"1140";"1120";"1226";"1370";"1460";"-";"-";"-";"858";"825";"814";"805";"835";"841";"841";"803";"811";"-";"-";"-";"1247";"1235";"1177";"1159";"1146";"1162";"1098";"1051";"1031";"-";"-";"-";"760";"774";"749";"744";"699";"660";"641";"617";"621";"-";"-";"-";"1260";"1208";"1216";"1167";"1137";"1099";"1080";"1028";"1023";"-";"-";"-";"487";"491";"511";"497";"506";"521";"526";"500";"490";"-";"-";"-";"1033";"1022";"995";"991";"952";"960";"941";"920";"921";"-";"-";"-";"260";"269";"284";"295";"293";"326";"320";"330";"349";"-";"-";"-";"613";"665";"706";"741";"770";"877";"883";"894";"895";
"2122009000";"Powiat myślenicki";"3724";"3608";"3542";"3422";"3386";"3412";"3573";"3733";"3951";"4049";"4057";"3967";"3603";"3481";"3432";"3422";"3354";"3428";"3560";"3642";"3784";"3845";"3819";"3725";"4260";"4066";"3971";"3970";"3879";"3782";"3677";"3649";"3568";"3531";"3601";"3779";"4174";"4062";"3919";"3802";"3728";"3662";"3552";"3514";"3542";"3512";"3582";"3733";"5213";"5151";"5034";"4802";"4569";"4314";"4123";"4013";"4029";"3986";"3888";"3749";"4836";"4807";"4706";"4575";"4423";"4232";"4120";"3978";"3871";"3804";"3722";"3596";"5382";"5283";"5096";"5116";"5186";"5194";"5140";"5005";"4792";"4566";"4297";"4113";"5133";"4969";"4918";"4841";"4823";"4791";"4763";"4622";"4588";"4420";"4209";"4081";"4947";"5150";"5374";"5380";"5329";"5312";"5213";"5111";"5100";"5150";"5185";"5147";"4586";"4847";"5013";"5114";"5161";"5142";"4977";"4954";"4887";"4869";"4843";"4789";"4452";"4567";"4664";"4835";"4968";"5106";"5305";"5501";"5422";"5386";"5374";"5269";"4340";"4481";"4506";"4562";"4620";"4836";"5080";"5228";"5173";"5234";"5152";"4973";"4104";"4165";"4224";"4354";"4443";"4507";"4601";"4682";"4935";"5057";"5189";"5330";"3789";"3839";"4029";"4226";"4339";"4407";"4546";"4584";"4645";"4688";"4862";"5039";"4022";"4032";"4036";"3989";"4008";"4110";"4160";"4247";"4452";"4590";"4627";"4756";"3741";"3731";"3677";"3653";"3752";"3841";"3894";"4084";"4349";"4471";"4553";"4675";"4412";"4323";"4209";"4142";"4059";"4029";"4029";"4009";"3997";"4041";"4162";"4219";"3975";"3932";"3913";"3873";"3792";"3758";"3730";"3689";"3735";"3848";"3923";"3972";"4107";"4229";"4342";"4425";"4380";"4356";"4264";"4158";"4171";"4084";"4059";"4050";"3693";"3834";"3933";"3971";"4016";"4032";"3979";"3930";"3943";"3864";"3830";"3815";"3318";"3531";"3700";"3822";"3967";"4043";"4134";"4252";"4373";"4318";"4293";"4203";"3090";"3213";"3358";"3533";"3611";"3724";"3861";"3984";"4028";"4059";"4052";"4008";"2081";"2303";"2525";"2745";"3028";"3218";"3400";"3559";"3709";"3831";"3916";"4023";"2215";"2451";"2610";"2740";"2951";"3091";"3230";"3361";"3543";"3613";"3722";"3843";"1881";"1833";"1760";"1744";"1810";"1973";"2173";"2364";"2602";"2866";"3062";"3247";"2180";"2022";"1967";"1951";"2065";"2205";"2417";"2565";"2701";"2918";"3089";"3218";"1843";"1820";"1856";"1807";"1761";"1694";"1654";"1576";"1578";"1637";"1786";"1973";"2346";"2406";"2406";"2354";"2247";"2137";"1974";"1904";"1873";"1986";"2106";"2298";"-";"-";"-";"1565";"1569";"1510";"1495";"1545";"1538";"1494";"1427";"1404";"-";"-";"-";"2231";"2212";"2204";"2250";"2251";"2194";"2097";"2000";"1871";"-";"-";"-";"1034";"1092";"1166";"1174";"1147";"1173";"1222";"1185";"1179";"-";"-";"-";"1853";"1901";"1949";"1962";"1962";"1979";"1946";"1941";"2012";"-";"-";"-";"508";"513";"538";"573";"636";"664";"696";"754";"762";"-";"-";"-";"1250";"1329";"1336";"1305";"1350";"1424";"1495";"1544";"1542";"-";"-";"-";"193";"207";"231";"250";"261";"306";"317";"332";"368";"-";"-";"-";"680";"721";"796";"865";"925";"1027";"1109";"1184";"1263";
"2122014000";"Powiat proszowicki";"1177";"1166";"1127";"1076";"1071";"1088";"1049";"1087";"1106";"1105";"1114";"1096";"1114";"1091";"1036";"1017";"1020";"1040";"1047";"1108";"1129";"1131";"1099";"1087";"1420";"1315";"1283";"1280";"1208";"1163";"1180";"1125";"1109";"1092";"1097";"1059";"1352";"1282";"1224";"1209";"1174";"1132";"1083";"1031";"1020";"1034";"1066";"1092";"1684";"1644";"1599";"1533";"1470";"1416";"1311";"1300";"1301";"1243";"1187";"1198";"1575";"1555";"1521";"1469";"1404";"1340";"1291";"1224";"1235";"1202";"1158";"1106";"1786";"1768";"1708";"1626";"1645";"1609";"1531";"1505";"1534";"1490";"1414";"1302";"1687";"1599";"1549";"1468";"1484";"1413";"1408";"1387";"1444";"1389";"1333";"1268";"1779";"1825";"1875";"1890";"1913";"1852";"1830";"1763";"1726";"1707";"1688";"1663";"1702";"1756";"1781";"1820";"1781";"1779";"1682";"1632";"1577";"1578";"1544";"1548";"1663";"1693";"1703";"1735";"1686";"1780";"1857";"1918";"1806";"1814";"1787";"1779";"1482";"1551";"1612";"1674";"1717";"1744";"1786";"1818";"1737";"1697";"1694";"1646";"1458";"1473";"1515";"1562";"1606";"1632";"1663";"1670";"1738";"1720";"1770";"1809";"1413";"1385";"1395";"1426";"1436";"1464";"1553";"1608";"1667";"1713";"1708";"1697";"1378";"1367";"1368";"1370";"1375";"1427";"1438";"1502";"1613";"1666";"1697";"1711";"1321";"1349";"1342";"1366";"1389";"1387";"1367";"1386";"1476";"1494";"1525";"1606";"1536";"1509";"1431";"1427";"1374";"1356";"1333";"1323";"1414";"1429";"1481";"1504";"1397";"1329";"1318";"1292";"1279";"1314";"1335";"1330";"1392";"1416";"1434";"1414";"1721";"1704";"1717";"1645";"1628";"1503";"1466";"1384";"1429";"1371";"1356";"1356";"1578";"1567";"1552";"1517";"1487";"1385";"1323";"1320";"1299";"1274";"1303";"1339";"1478";"1515";"1505";"1556";"1571";"1642";"1628";"1660";"1637";"1629";"1514";"1454";"1457";"1498";"1580";"1584";"1571";"1584";"1564";"1522";"1532";"1501";"1421";"1353";"1125";"1199";"1290";"1334";"1378";"1385";"1414";"1405";"1507";"1527";"1610";"1597";"1151";"1269";"1297";"1339";"1429";"1436";"1481";"1563";"1577";"1566";"1566";"1572";"890";"874";"880";"893";"943";"1026";"1099";"1194";"1260";"1307";"1311";"1346";"968";"965";"948";"995";"1029";"1132";"1243";"1269";"1304";"1396";"1395";"1434";"779";"763";"790";"819";"814";"790";"782";"759";"763";"819";"902";"985";"1044";"1006";"988";"940";"943";"935";"921";"908";"947";"973";"1080";"1183";"-";"-";"-";"652";"651";"634";"629";"647";"692";"680";"649";"642";"-";"-";"-";"999";"968";"963";"938";"915";"856";"860";"845";"843";"-";"-";"-";"555";"555";"555";"546";"531";"504";"519";"504";"506";"-";"-";"-";"914";"903";"879";"859";"863";"868";"841";"845";"808";"-";"-";"-";"316";"308";"327";"334";"348";"362";"372";"366";"362";"-";"-";"-";"649";"649";"683";"705";"702";"686";"664";"656";"662";"-";"-";"-";"141";"148";"164";"183";"195";"197";"198";"215";"226";"-";"-";"-";"409";"463";"465";"502";"517";"543";"578";"611";"611";
"2122019000";"Powiat wielicki";"2877";"2843";"2824";"2713";"2779";"2824";"3018";"3202";"3595";"3712";"3699";"3679";"2779";"2719";"2635";"2590";"2570";"2666";"2848";"2993";"3347";"3530";"3536";"3431";"3444";"3314";"3142";"3147";"3070";"3053";"3006";"3080";"3199";"3281";"3386";"3695";"3306";"3300";"3173";"3111";"3083";"2944";"2875";"2837";"2944";"3009";"3168";"3427";"3990";"3994";"3887";"3810";"3654";"3598";"3428";"3305";"3308";"3301";"3326";"3337";"3879";"3785";"3692";"3659";"3528";"3434";"3410";"3349";"3275";"3228";"3135";"3128";"4486";"4414";"4237";"4120";"4137";"4110";"4100";"4057";"3962";"3789";"3714";"3556";"4275";"4192";"4047";"3961";"3933";"3916";"3813";"3775";"3747";"3634";"3557";"3510";"4282";"4427";"4477";"4555";"4566";"4543";"4413";"4306";"4186";"4187";"4172";"4180";"4285";"4388";"4488";"4508";"4457";"4362";"4287";"4207";"4117";"4091";"4046";"3953";"3999";"4165";"4232";"4416";"4461";"4552";"4677";"4774";"4830";"4839";"4772";"4609";"3826";"3991";"4046";"4206";"4380";"4523";"4663";"4819";"4846";"4825";"4764";"4620";"3429";"3545";"3641";"3799";"4090";"4317";"4501";"4683";"5019";"5026";"5049";"5183";"3529";"3654";"3765";"3846";"4004";"4176";"4390";"4530";"4865";"5025";"5113";"5321";"3430";"3442";"3464";"3491";"3563";"3656";"3791";"3959";"4298";"4647";"4925";"5124";"3416";"3428";"3431";"3554";"3649";"3777";"3902";"4094";"4320";"4581";"4814";"4980";"3853";"3742";"3600";"3563";"3494";"3510";"3542";"3602";"3743";"3852";"3940";"4122";"3712";"3635";"3562";"3540";"3503";"3531";"3536";"3578";"3773";"3882";"4010";"4214";"4065";"4144";"4121";"4038";"3978";"3867";"3751";"3610";"3609";"3593";"3620";"3678";"3947";"4074";"3992";"3906";"3885";"3804";"3681";"3637";"3633";"3611";"3634";"3665";"3246";"3434";"3596";"3821";"3927";"4010";"4088";"4109";"4090";"4008";"3845";"3750";"3291";"3472";"3617";"3849";"3932";"4013";"4118";"4074";"4021";"3999";"3917";"3780";"2263";"2463";"2563";"2738";"2960";"3161";"3334";"3509";"3754";"3873";"3954";"4036";"2410";"2616";"2791";"3021";"3177";"3346";"3542";"3700";"3946";"4032";"4086";"4177";"1699";"1694";"1727";"1797";"1926";"2115";"2285";"2442";"2674";"2869";"3046";"3206";"2044";"2003";"1964";"1935";"2148";"2390";"2613";"2833";"3078";"3235";"3412";"3585";"1700";"1688";"1666";"1656";"1576";"1549";"1536";"1562";"1635";"1776";"1971";"2153";"2221";"2184";"2174";"2178";"2084";"1982";"1918";"1909";"1877";"2099";"2344";"2568";"-";"-";"-";"1403";"1410";"1394";"1411";"1418";"1372";"1333";"1322";"1310";"-";"-";"-";"2125";"2069";"2030";"1999";"2020";"1967";"1893";"1832";"1816";"-";"-";"-";"1046";"1065";"1107";"1094";"1110";"1089";"1079";"1077";"1090";"-";"-";"-";"1898";"1916";"1953";"1944";"1891";"1882";"1825";"1778";"1751";"-";"-";"-";"524";"562";"560";"603";"642";"650";"701";"740";"734";"-";"-";"-";"1351";"1398";"1403";"1433";"1478";"1463";"1493";"1546";"1551";"-";"-";"-";"253";"266";"289";"298";"330";"353";"355";"360";"417";"-";"-";"-";"660";"743";"840";"919";"976";"1092";"1143";"1189";"1217";
"2122161000";"Powiat m.Kraków";"15498";"15507";"15790";"15953";"16193";"16676";"17398";"18186";"19559";"20044";"20216";"20038";"14674";"14601";"14613";"14865";"15188";"15554";"16235";"17096";"18476";"18692";"18808";"18639";"16662";"16232";"15754";"15649";"15596";"15504";"15377";"15452";"15218";"15564";"16106";"16958";"16107";"15547";"15296";"14984";"14811";"14668";"14510";"14342";"14308";"14663";"15143";"15985";"20756";"19763";"18877";"18038";"17139";"16290";"15769";"15272";"14939";"14653";"14585";"14447";"19554";"18739";"17981";"17135";"16380";"15830";"15230";"14833";"14240";"14038";"13782";"13624";"27868";"26746";"25493";"24134";"23149";"22625";"21213";"20226";"19522";"17119";"16747";"16310";"27302";"25817";"24408";"23086";"22274";"21643";"20570";"19645";"19194";"16548";"16654";"16151";"39734";"39464";"38523";"36975";"35084";"33209";"31703";"29822";"30587";"29648";"26239";"24131";"41492";"41415";"40262";"37842";"35147";"32273";"30054";"28252";"31218";"30552";"27124";"24575";"32154";"32557";"32757";"33170";"33442";"33824";"33502";"33055";"33699";"34211";"33704";"32106";"33130";"34018";"34863";"35820";"36501";"37390";"36950";"36527";"36040";"36634";"36425";"35042";"26223";"27491";"29191";"30507";"31972";"33027";"33208";"33345";"32925";"33225";"33699";"34853";"25930";"27447";"29177";"30964";"32999";"34505";"35221";"36045";"34275";"34735";"35472";"37076";"22807";"22973";"23224";"24006";"24847";"25956";"27222";"28984";"27288";"28759";"29935";"30984";"22980";"22973";"23100";"23835";"24550";"25704";"27221";"28785";"28564";"30219";"31337";"32282";"24048";"23127";"22426";"21917";"21984";"22010";"22190";"22457";"21867";"22410";"23161";"24172";"26829";"25129";"24225";"23345";"22814";"22566";"22506";"22598";"22806";"23306";"24275";"25517";"28280";"27844";"27085";"26004";"24460";"23125";"22176";"21579";"20625";"20510";"20430";"20408";"33286";"32623";"31414";"29841";"27976";"26252";"24565";"23702";"22756";"22197";"21892";"21682";"25867";"26269";"26677";"27089";"26945";"26712";"26312";"25618";"24899";"23472";"22166";"21173";"31521";"32113";"32404";"32663";"32717";"32205";"31666";"30513";"29289";"27469";"25698";"24057";"20082";"21245";"21925";"22784";"23622";"24066";"24375";"24817";"25870";"25820";"25503";"25103";"24188";"25890";"27214";"28775";"29645";"30365";"30888";"31206";"31699";"31783";"31440";"30928";"14959";"15007";"15362";"15755";"16750";"18160";"19207";"19867";"21176";"21934";"22456";"22926";"18851";"18752";"19133";"19604";"21108";"23084";"24711";"25929";"27589";"28438";"29210";"29821";"14450";"14295";"14088";"13956";"13509";"13070";"13152";"13472";"14049";"15088";"16442";"17470";"19947";"19673";"19547";"19261";"18562";"17794";"17702";"18078";"18578";"20074";"22034";"23602";"-";"-";"-";"12416";"12185";"12084";"12032";"11907";"11902";"11595";"11303";"11379";"-";"-";"-";"18793";"18713";"18360";"18114";"18026";"17801";"17266";"16573";"16545";"-";"-";"-";"9065";"9690";"9866";"9768";"9898";"9841";"9796";"9755";"9844";"-";"-";"-";"15582";"16066";"16622";"16719";"16686";"16464";"16423";"16228";"16032";"-";"-";"-";"4642";"4990";"5231";"5598";"5843";"6316";"6747";"6928";"6989";"-";"-";"-";"9974";"10504";"10725";"11147";"11574";"12184";"12640";"13173";"13399";"-";"-";"-";"2008";"2182";"2487";"2804";"3089";"3371";"3624";"3908";"4333";"-";"-";"-";"6192";"6573";"7121";"7609";"8274";"8606";"9241";"9783";"10411";
"2122205000";"Powiat gorlicki";"3123";"3106";"3028";"2970";"3004";"3023";"3088";"3124";"3320";"3308";"3235";"3133";"2915";"2854";"2812";"2739";"2755";"2749";"2816";"2945";"3131";"3165";"3126";"3046";"3774";"3602";"3461";"3341";"3197";"3065";"3064";"2982";"2998";"3008";"3072";"3132";"3490";"3342";"3191";"3119";"2997";"2877";"2808";"2761";"2764";"2738";"2768";"2884";"4653";"4496";"4287";"4107";"3902";"3751";"3574";"3442";"3421";"3304";"3161";"3137";"4338";"4130";"3954";"3780";"3595";"3468";"3316";"3171";"3171";"3093";"2985";"2891";"5084";"4947";"4901";"4772";"4656";"4502";"4329";"4137";"4060";"3904";"3778";"3579";"4827";"4801";"4714";"4496";"4367";"4211";"3970";"3795";"3700";"3581";"3440";"3287";"4254";"4406";"4563";"4715";"4829";"4816";"4719";"4712";"4485";"4431";"4345";"4240";"3933";"4043";"4267";"4432";"4524";"4516";"4527";"4445";"4146";"4062";"4023";"3892";"4000";"4122";"4214";"4282";"4314";"4393";"4552";"4692";"4757";"4721";"4693";"4610";"3666";"3801";"3862";"3920";"4018";"4082";"4206";"4385";"4465";"4428";"4364";"4345";"3523";"3585";"3660";"3708";"3817";"3891";"4013";"4059";"4294";"4273";"4328";"4383";"3422";"3398";"3400";"3457";"3476";"3519";"3653";"3683";"4032";"4064";"4112";"4132";"3780";"3639";"3515";"3434";"3416";"3426";"3479";"3556";"3902";"4022";"4057";"4147";"3449";"3432";"3418";"3367";"3366";"3373";"3330";"3329";"3573";"3637";"3705";"3842";"4006";"3957";"3868";"3838";"3791";"3715";"3581";"3440";"3513";"3514";"3589";"3674";"3854";"3762";"3674";"3587";"3519";"3433";"3406";"3398";"3421";"3425";"3440";"3420";"3763";"3877";"4004";"3974";"3981";"3919";"3870";"3794";"3825";"3804";"3722";"3602";"3670";"3744";"3801";"3807";"3812";"3817";"3720";"3626";"3597";"3521";"3458";"3449";"3154";"3242";"3350";"3441";"3546";"3615";"3744";"3863";"3946";"3931";"3895";"3854";"3251";"3342";"3442";"3563";"3626";"3647";"3710";"3759";"3821";"3818";"3816";"3711";"2152";"2351";"2496";"2748";"2860";"2994";"3077";"3185";"3375";"3469";"3552";"3665";"2397";"2603";"2754";"2938";"3105";"3211";"3302";"3383";"3520";"3566";"3604";"3673";"1896";"1788";"1751";"1704";"1802";"1991";"2174";"2313";"2590";"2697";"2849";"2940";"2315";"2179";"2144";"2075";"2141";"2351";"2546";"2682";"2911";"3073";"3157";"3243";"1947";"1960";"1974";"1901";"1820";"1699";"1607";"1574";"1544";"1630";"1810";"2003";"2611";"2548";"2517";"2488";"2352";"2203";"2075";"2047";"1987";"2048";"2261";"2460";"-";"-";"-";"1667";"1677";"1642";"1657";"1653";"1591";"1541";"1456";"1368";"-";"-";"-";"2372";"2414";"2402";"2348";"2342";"2304";"2200";"2071";"1939";"-";"-";"-";"1068";"1115";"1217";"1212";"1217";"1252";"1302";"1273";"1297";"-";"-";"-";"1947";"1970";"2008";"2071";"2050";"2080";"2139";"2138";"2097";"-";"-";"-";"577";"579";"613";"651";"688";"721";"755";"806";"804";"-";"-";"-";"1313";"1334";"1316";"1367";"1470";"1508";"1532";"1553";"1628";"-";"-";"-";"236";"251";"276";"312";"345";"374";"389";"410";"448";"-";"-";"-";"661";"748";"860";"925";"970";"1076";"1132";"1213";"1246";
"2122207000";"Powiat limanowski";"4569";"4432";"4346";"4226";"4134";"4121";"4144";"4251";"4543";"4558";"4509";"4435";"4328";"4296";"4169";"3993";"3967";"3935";"3953";"3992";"4281";"4262";"4194";"4120";"5048";"4956";"4798";"4739";"4652";"4538";"4389";"4288";"4256";"4180";"4246";"4316";"4855";"4714";"4648";"4545";"4432";"4293";"4252";"4145";"4056";"4042";"4086";"4115";"5457";"5442";"5460";"5360";"5182";"5022";"4946";"4787";"4781";"4711";"4619";"4445";"5241";"5233";"5173";"5080";"4942";"4821";"4683";"4622";"4605";"4510";"4364";"4306";"5688";"5557";"5536";"5447";"5490";"5487";"5462";"5458";"5367";"5227";"5044";"4914";"5348";"5265";"5171";"5085";"5112";"5128";"5162";"5104";"5031";"4962";"4804";"4631";"4983";"5150";"5213";"5355";"5484";"5455";"5376";"5330";"5219";"5271";"5332";"5354";"4552";"4708";"4871";"5052";"5193";"5229";"5100";"5032";"4979";"4963";"5043";"5092";"4668";"4794";"4903";"4950";"4966";"5102";"5227";"5320";"5382";"5449";"5414";"5341";"4438";"4524";"4562";"4607";"4666";"4772";"4945";"5149";"5196";"5206";"5179";"5132";"4313";"4318";"4339";"4452";"4468";"4504";"4640";"4767";"4947";"4923";"5073";"5196";"4001";"4113";"4233";"4284";"4319";"4284";"4340";"4398";"4654";"4718";"4797";"4867";"4359";"4280";"4260";"4210";"4275";"4226";"4211";"4231";"4560";"4646";"4693";"4757";"3793";"3778";"3820";"3850";"3848";"3948";"4083";"4178";"4361";"4409";"4425";"4474";"4336";"4371";"4334";"4337";"4322";"4316";"4241";"4223";"4316";"4379";"4341";"4384";"3813";"3872";"3806";"3819";"3845";"3803";"3769";"3797";"3909";"3936";"4045";"4167";"3763";"3953";"4152";"4239";"4254";"4264";"4289";"4223";"4356";"4353";"4389";"4276";"3225";"3239";"3434";"3532";"3668";"3805";"3878";"3829";"3853";"3865";"3818";"3814";"3180";"3264";"3354";"3409";"3482";"3669";"3821";"4053";"4223";"4238";"4243";"4279";"3018";"3126";"3145";"3170";"3170";"3227";"3235";"3432";"3581";"3715";"3834";"3868";"2114";"2299";"2480";"2692";"2914";"3032";"3112";"3199";"3325";"3419";"3594";"3765";"2341";"2490";"2646";"2822";"2935";"3003";"3116";"3115";"3115";"3135";"3214";"3225";"1969";"1898";"1845";"1763";"1830";"1972";"2130";"2283";"2520";"2738";"2869";"2939";"2317";"2221";"2123";"2055";"2140";"2289";"2418";"2567";"2785";"2886";"2957";"3076";"1977";"1959";"1966";"1998";"1905";"1758";"1705";"1648";"1583";"1655";"1788";"1945";"2536";"2533";"2558";"2483";"2356";"2249";"2146";"2033";"1957";"2053";"2193";"2339";"-";"-";"-";"1615";"1631";"1646";"1636";"1658";"1707";"1638";"1511";"1496";"-";"-";"-";"2407";"2361";"2368";"2372";"2399";"2332";"2216";"2090";"2000";"-";"-";"-";"1122";"1167";"1226";"1270";"1240";"1233";"1243";"1288";"1299";"-";"-";"-";"1938";"2041";"2092";"2084";"2082";"2109";"2067";"2075";"2093";"-";"-";"-";"606";"613";"633";"665";"724";"729";"779";"795";"822";"-";"-";"-";"1277";"1300";"1339";"1375";"1434";"1494";"1578";"1636";"1638";"-";"-";"-";"258";"297";"305";"327";"361";"372";"374";"391";"404";"-";"-";"-";"731";"767";"824";"903";"926";"1020";"1083";"1152";"1221";
"2122210000";"Powiat nowosądecki";"7180";"7015";"6823";"6706";"6566";"6550";"6636";"6765";"7256";"7228";"7237";"7026";"6851";"6720";"6478";"6292";"6222";"6164";"6247";"6377";"6787";"6880";"6871";"6708";"8308";"8025";"7773";"7563";"7451";"7203";"7027";"6861";"6930";"6779";"6817";"7000";"7608";"7401";"7264";"7221";"7036";"6918";"6776";"6517";"6510";"6448";"6432";"6578";"9110";"9102";"9027";"8780";"8590";"8366";"8086";"7817";"7790";"7693";"7459";"7250";"8781";"8659";"8446";"8213";"7995";"7724";"7491";"7362";"7386";"7213";"7122";"6993";"9452";"9399";"9345";"9268";"9214";"9128";"9041";"8958";"8798";"8662";"8381";"8113";"8908";"8875";"8790";"8740";"8697";"8701";"8599";"8382";"8241";"8103";"7715";"7477";"7998";"8233";"8456";"8744";"8977";"9077";"9056";"9073";"8987";"8921";"8939";"8980";"7571";"7826";"8093";"8346";"8564";"8677";"8650";"8623";"8439";"8403";"8586";"8523";"7519";"7610";"7665";"7804";"7934";"8135";"8458";"8707";"8797";"8936";"9035";"8998";"7258";"7441";"7580";"7638";"7700";"7868";"8116";"8353";"8482";"8583";"8554";"8560";"6896";"7000";"7128";"7223";"7259";"7372";"7427";"7496";"7872";"7951";"8083";"8272";"6761";"6901";"6942";"7035";"7152";"7179";"7325";"7448";"7758";"7817";"7983";"8117";"7065";"7031";"6944";"6845";"6890";"6877";"6945";"7043";"7535";"7609";"7693";"7693";"6391";"6452";"6488";"6496";"6603";"6778";"6894";"6936";"7307";"7389";"7473";"7612";"7016";"7061";"7069";"7066";"7034";"7048";"7004";"6934";"7081";"7140";"7123";"7239";"6273";"6279";"6434";"6470";"6419";"6443";"6502";"6504";"6690";"6831";"6928";"7082";"6096";"6380";"6591";"6762";"6920";"6977";"7022";"6984";"7168";"7154";"7160";"7137";"5310";"5530";"5733";"5973";"6162";"6341";"6350";"6508";"6571";"6536";"6582";"6647";"5026";"5125";"5303";"5550";"5755";"5962";"6238";"6461";"6774";"6923";"7014";"7042";"4904";"4998";"5064";"5166";"5268";"5355";"5554";"5758";"6065";"6255";"6403";"6383";"3500";"3747";"4025";"4343";"4629";"4826";"4904";"5077";"5454";"5639";"5855";"6133";"3781";"3985";"4194";"4461";"4719";"4884";"4996";"5069";"5227";"5309";"5399";"5595";"3064";"3029";"2990";"2879";"2975";"3278";"3520";"3760";"4134";"4398";"4562";"4655";"3610";"3495";"3402";"3319";"3460";"3738";"3911";"4111";"4415";"4694";"4852";"4942";"3158";"3114";"3085";"3085";"2934";"2770";"2736";"2675";"2615";"2713";"2986";"3178";"4023";"4075";"4115";"3969";"3693";"3452";"3381";"3277";"3183";"3290";"3575";"3761";"-";"-";"-";"2643";"2678";"2661";"2616";"2609";"2605";"2468";"2341";"2346";"-";"-";"-";"3698";"3748";"3705";"3769";"3792";"3693";"3452";"3259";"3168";"-";"-";"-";"1784";"1866";"1937";"1982";"2025";"2025";"2043";"2067";"2014";"-";"-";"-";"2909";"3049";"3208";"3230";"3219";"3249";"3319";"3293";"3354";"-";"-";"-";"847";"869";"951";"1003";"1091";"1199";"1268";"1301";"1382";"-";"-";"-";"1895";"1943";"2011";"2034";"2162";"2278";"2380";"2489";"2540";"-";"-";"-";"431";"463";"473";"508";"529";"576";"590";"627";"647";"-";"-";"-";"1115";"1196";"1278";"1378";"1438";"1590";"1698";"1792";"1900";
"2122211000";"Powiat nowotarski";"5798";"5597";"5476";"5310";"5171";"5265";"5377";"5508";"5919";"5912";"5696";"5437";"5708";"5500";"5265";"5129";"5034";"5003";"5099";"5195";"5629";"5642";"5580";"5405";"7018";"6759";"6425";"6323";"6082";"5779";"5653";"5508";"5509";"5414";"5575";"5714";"6790";"6467";"6245";"6043";"5868";"5698";"5528";"5320";"5342";"5273";"5280";"5360";"8085";"7928";"7876";"7575";"7296";"7003";"6760";"6427";"6397";"6185";"5890";"5743";"7685";"7732";"7558";"7327";"7006";"6802";"6488";"6262";"6073";"5984";"5820";"5663";"8044";"7896";"7703";"7652";"7749";"7770";"7659";"7629";"7393";"7191";"6974";"6653";"8084";"7788";"7655";"7576";"7536";"7495";"7577";"7384";"7219";"6923";"6686";"6393";"7200";"7432";"7656";"7806";"7795";"7840";"7751";"7639";"7520";"7622";"7697";"7638";"7250";"7504";"7815";"8006";"8080";"8034";"7782";"7652";"7479";"7366";"7409";"7455";"6848";"6985";"7093";"7172";"7259";"7366";"7593";"7807";"7841";"7788";"7821";"7729";"6822";"6920";"6931";"7126";"7334";"7535";"7786";"8072";"7968";"7918";"7772";"7545";"6561";"6643";"6645";"6785";"6844";"6820";"6978";"7051";"7244";"7350";"7453";"7622";"6372";"6545";"6699";"6689";"6701";"6790";"6890";"6887";"7176";"7368";"7478";"7619";"6363";"6239";"6336";"6379";"6401";"6502";"6582";"6613";"6858";"6917";"6919";"7028";"6058";"6049";"6158";"6215";"6325";"6329";"6501";"6627";"6843";"6845";"6932";"7014";"6408";"6398";"6393";"6346";"6323";"6271";"6158";"6241";"6496";"6525";"6624";"6650";"6081";"6110";"6037";"6009";"5994";"6049";"6040";"6131";"6296";"6456";"6511";"6656";"5834";"6011";"6069";"6136";"6220";"6305";"6332";"6321";"6351";"6344";"6319";"6265";"5551";"5622";"5740";"5822";"5940";"6059";"6066";"6026";"6040";"6033";"6084";"6102";"5104";"5224";"5410";"5515";"5604";"5686";"5845";"5927";"6096";"6186";"6250";"6245";"5240";"5321";"5383";"5554";"5527";"5500";"5607";"5727";"5845";"5959";"6054";"6074";"3519";"3799";"4053";"4357";"4661";"4854";"4992";"5158";"5362";"5435";"5557";"5736";"3980";"4261";"4564";"4830";"5081";"5201";"5266";"5304";"5481";"5474";"5457";"5559";"3258";"3165";"3086";"3008";"3039";"3300";"3560";"3803";"4121";"4395";"4593";"4719";"3966";"3800";"3673";"3544";"3601";"3904";"4188";"4474";"4732";"4990";"5108";"5193";"3069";"3096";"3082";"3098";"3007";"2910";"2834";"2786";"2699";"2752";"2978";"3226";"3851";"3993";"4071";"4119";"3942";"3787";"3639";"3524";"3394";"3464";"3746";"3993";"-";"-";"-";"2522";"2581";"2572";"2620";"2626";"2631";"2570";"2470";"2414";"-";"-";"-";"3461";"3551";"3570";"3714";"3789";"3832";"3703";"3535";"3402";"-";"-";"-";"1649";"1713";"1813";"1877";"1948";"1942";"1994";"1989";"2020";"-";"-";"-";"2675";"2806";"2969";"2987";"3004";"3034";"3128";"3184";"3318";"-";"-";"-";"861";"895";"917";"935";"989";"1070";"1153";"1234";"1306";"-";"-";"-";"1701";"1802";"1869";"1917";"1997";"2121";"2233";"2352";"2383";"-";"-";"-";"340";"399";"428";"460";"505";"541";"567";"615";"639";"-";"-";"-";"927";"998";"1074";"1190";"1300";"1431";"1543";"1626";"1705";
"2122217000";"Powiat tatrzański";"1835";"1770";"1759";"1710";"1626";"1654";"1695";"1734";"1872";"1970";"1958";"1910";"1805";"1751";"1709";"1657";"1593";"1561";"1596";"1636";"1739";"1793";"1843";"1842";"2271";"2178";"2028";"1960";"1905";"1808";"1735";"1746";"1791";"1761";"1798";"1851";"2103";"2001";"1932";"1902";"1875";"1810";"1746";"1689";"1718";"1667";"1653";"1703";"2713";"2721";"2696";"2577";"2425";"2251";"2156";"2031";"2028";"1981";"1937";"1867";"2531";"2461";"2353";"2314";"2204";"2092";"1972";"1922";"1896";"1887";"1852";"1780";"2805";"2771";"2653";"2658";"2656";"2733";"2704";"2671";"2578";"2454";"2289";"2187";"2760";"2764";"2726";"2659";"2555";"2548";"2494";"2403";"2340";"2244";"2106";"2020";"2516";"2545";"2669";"2667";"2733";"2689";"2621";"2546";"2564";"2551";"2649";"2649";"2453";"2493";"2562";"2657";"2706";"2638";"2630";"2604";"2522";"2464";"2517";"2448";"2326";"2384";"2460";"2565";"2541";"2594";"2584";"2688";"2699";"2755";"2668";"2637";"2322";"2366";"2403";"2381";"2376";"2479";"2533";"2594";"2750";"2779";"2678";"2667";"2168";"2153";"2117";"2199";"2259";"2329";"2392";"2461";"2646";"2657";"2660";"2636";"2278";"2300";"2267";"2332";"2344";"2284";"2318";"2361";"2516";"2547";"2659";"2666";"2128";"2111";"2158";"2104";"2102";"2126";"2129";"2100";"2285";"2324";"2408";"2476";"2161";"2125";"2143";"2140";"2169";"2254";"2277";"2257";"2396";"2415";"2407";"2449";"2336";"2320";"2210";"2188";"2161";"2086";"2080";"2125";"2190";"2211";"2216";"2210";"2370";"2351";"2290";"2220";"2174";"2128";"2103";"2122";"2190";"2239";"2307";"2326";"2317";"2330";"2338";"2282";"2299";"2310";"2273";"2181";"2264";"2236";"2168";"2159";"2408";"2453";"2415";"2434";"2376";"2339";"2311";"2261";"2264";"2240";"2186";"2138";"1994";"2050";"2118";"2216";"2239";"2236";"2275";"2275";"2278";"2286";"2309";"2290";"2276";"2303";"2373";"2380";"2373";"2378";"2392";"2350";"2433";"2413";"2377";"2356";"1380";"1502";"1640";"1740";"1788";"1862";"1905";"1991";"2173";"2209";"2219";"2214";"1637";"1761";"1896";"2041";"2158";"2204";"2242";"2295";"2348";"2357";"2361";"2384";"1208";"1209";"1137";"1131";"1151";"1249";"1353";"1477";"1650";"1719";"1820";"1886";"1586";"1482";"1447";"1436";"1445";"1560";"1696";"1809";"2003";"2099";"2170";"2197";"1148";"1128";"1123";"1135";"1087";"1055";"1048";"998";"1042";"1067";"1167";"1262";"1652";"1657";"1642";"1612";"1588";"1496";"1391";"1358";"1369";"1404";"1504";"1654";"-";"-";"-";"952";"984";"962";"945";"918";"948";"931";"897";"912";"-";"-";"-";"1494";"1478";"1508";"1520";"1515";"1540";"1479";"1420";"1333";"-";"-";"-";"691";"675";"719";"679";"710";"723";"776";"776";"772";"-";"-";"-";"1229";"1248";"1278";"1291";"1325";"1331";"1330";"1344";"1371";"-";"-";"-";"382";"415";"389";"403";"419";"451";"451";"465";"459";"-";"-";"-";"749";"833";"858";"907";"930";"933";"990";"1041";"1050";"-";"-";"-";"176";"187";"208";"225";"226";"239";"261";"282";"308";"-";"-";"-";"491";"468";"493";"527";"570";"616";"693";"720";"778";
"2122262000";"Powiat m.Nowy Sącz";"2252";"2183";"2193";"2176";"2173";"2152";"2228";"2280";"2427";"2404";"2370";"2259";"2122";"2107";"2089";"2047";"2059";"2087";"2150";"2236";"2361";"2330";"2298";"2201";"2599";"2555";"2431";"2393";"2264";"2234";"2170";"2160";"2160";"2179";"2183";"2246";"2461";"2373";"2275";"2233";"2157";"2103";"2051";"2021";"2005";"2029";"2096";"2175";"3404";"3212";"3051";"2907";"2714";"2523";"2482";"2383";"2307";"2236";"2198";"2151";"3198";"3006";"2855";"2741";"2546";"2382";"2322";"2233";"2216";"2159";"2076";"2015";"4112";"3942";"3727";"3561";"3460";"3387";"3213";"3071";"2824";"2660";"2455";"2480";"3941";"3799";"3627";"3520";"3426";"3287";"3110";"2948";"2719";"2572";"2403";"2389";"3742";"3837";"3978";"3999";"3951";"3789";"3636";"3416";"3220";"3128";"3111";"2952";"3690";"3723";"3760";"3827";"3701";"3638";"3562";"3363";"3185";"3118";"3038";"2820";"3208";"3363";"3451";"3626";"3684";"3789";"3882";"3985";"3837";"3818";"3657";"3503";"3226";"3375";"3560";"3639";"3688";"3747";"3777";"3809";"3749";"3649";"3525";"3441";"2820";"2868";"2938";"2976";"3023";"3138";"3297";"3408";"3581";"3572";"3613";"3655";"2782";"2836";"2898";"3001";"3082";"3179";"3263";"3422";"3481";"3501";"3549";"3588";"2765";"2700";"2750";"2733";"2767";"2742";"2781";"2817";"2840";"2959";"3086";"3205";"2927";"2803";"2773";"2721";"2729";"2721";"2781";"2851";"2927";"3031";"3105";"3151";"3004";"2917";"2768";"2733";"2702";"2681";"2608";"2650";"2547";"2552";"2554";"2615";"3238";"3123";"2997";"2974";"2949";"2869";"2738";"2705";"2643";"2616";"2673";"2746";"3031";"3068";"3084";"3080";"2984";"2887";"2797";"2672";"2627";"2580";"2554";"2470";"3376";"3404";"3433";"3339";"3219";"3149";"3040";"2936";"2916";"2926";"2822";"2699";"2702";"2723";"2780";"2781";"2819";"2905";"2929";"2935";"2966";"2904";"2799";"2697";"3223";"3256";"3261";"3287";"3294";"3286";"3315";"3339";"3245";"3137";"3099";"2980";"1918";"2121";"2223";"2362";"2478";"2544";"2559";"2621";"2627";"2690";"2761";"2808";"2335";"2526";"2680";"2929";"3066";"3142";"3155";"3152";"3177";"3171";"3183";"3225";"1456";"1450";"1478";"1521";"1578";"1767";"1946";"2029";"2201";"2311";"2357";"2390";"1840";"1846";"1834";"1842";"2017";"2266";"2449";"2613";"2832";"2957";"3014";"3036";"1421";"1410";"1427";"1398";"1369";"1303";"1318";"1355";"1390";"1445";"1579";"1735";"1711";"1774";"1851";"1890";"1825";"1731";"1745";"1751";"1757";"1923";"2159";"2341";"-";"-";"-";"1135";"1157";"1192";"1175";"1203";"1191";"1197";"1136";"1166";"-";"-";"-";"1515";"1536";"1587";"1651";"1714";"1735";"1678";"1604";"1611";"-";"-";"-";"740";"783";"830";"835";"840";"876";"878";"920";"924";"-";"-";"-";"1216";"1259";"1313";"1330";"1330";"1331";"1370";"1416";"1484";"-";"-";"-";"358";"390";"418";"438";"484";"523";"557";"576";"575";"-";"-";"-";"879";"912";"890";"876";"903";"958";"1009";"1060";"1039";"-";"-";"-";"161";"179";"198";"205";"213";"237";"276";"291";"323";"-";"-";"-";"489";"547";"612";"661";"708";"750";"803";"809";"848";
"2122303000";"Powiat chrzanowski";"2966";"2908";"2838";"2793";"2775";"2771";"2844";"2937";"3096";"3118";"3125";"3059";"2814";"2775";"2774";"2681";"2669";"2675";"2807";"2876";"3021";"3029";"3022";"2922";"3433";"3268";"3152";"3061";"2968";"2931";"2870";"2818";"2787";"2771";"2790";"2881";"3371";"3176";"3027";"2985";"2840";"2820";"2765";"2760";"2692";"2659";"2707";"2867";"4499";"4323";"4171";"3919";"3663";"3432";"3274";"3141";"3045";"2970";"2907";"2870";"4164";"3965";"3850";"3696";"3550";"3358";"3177";"3033";"2961";"2851";"2804";"2725";"5660";"5336";"5051";"4809";"4636";"4409";"4249";"4082";"3779";"3559";"3365";"3235";"5217";"4999";"4682";"4404";"4220";"4058";"3841";"3724";"3621";"3496";"3276";"3081";"5327";"5475";"5514";"5533";"5518";"5408";"5114";"4880";"4645";"4487";"4311";"4139";"5100";"5097";"5267";"5224";"5266";"5161";"4917";"4645";"4292";"4093";"3997";"3872";"4744";"4940";"5180";"5383";"5370";"5415";"5606";"5613";"5550";"5519";"5388";"5089";"4548";"4851";"4962";"5139";"5110";"5188";"5213";"5362";"5235";"5235";"5068";"4880";"4201";"4217";"4291";"4393";"4531";"4709";"4881";"5125";"5303";"5305";"5372";"5483";"3951";"3987";"4104";"4170";"4359";"4494";"4777";"4887";"5056";"5021";"5100";"5089";"4319";"4216";"4156";"4000";"4081";"4158";"4170";"4247";"4464";"4591";"4725";"4848";"4320";"4207";"4036";"3956";"3890";"3916";"3942";"4075";"4180";"4401";"4588";"4829";"5150";"4933";"4724";"4549";"4342";"4232";"4154";"4077";"3979";"4061";"4130";"4182";"5305";"4954";"4746";"4566";"4440";"4270";"4161";"4007";"3958";"3887";"3880";"3953";"5430";"5465";"5455";"5420";"5275";"4985";"4759";"4554";"4507";"4311";"4232";"4119";"5528";"5687";"5693";"5582";"5405";"5185";"4865";"4668";"4533";"4391";"4242";"4113";"4503";"4670";"4781";"4952";"5108";"5190";"5203";"5210";"5335";"5148";"4871";"4661";"4849";"4972";"5118";"5248";"5381";"5433";"5569";"5589";"5475";"5322";"5105";"4802";"3127";"3378";"3668";"3906";"4016";"4197";"4369";"4455";"4761";"4949";"5008";"5065";"3399";"3733";"4039";"4369";"4554";"4742";"4859";"4997";"5141";"5268";"5320";"5446";"2710";"2613";"2480";"2474";"2668";"2877";"3108";"3377";"3663";"3770";"3938";"4079";"3234";"3072";"2894";"2927";"3058";"3299";"3609";"3911";"4200";"4375";"4589";"4682";"2625";"2643";"2644";"2622";"2502";"2390";"2323";"2204";"2223";"2377";"2591";"2794";"3269";"3321";"3350";"3271";"3157";"3065";"2916";"2739";"2790";"2891";"3098";"3401";"-";"-";"-";"2122";"2171";"2167";"2188";"2212";"2198";"2086";"2005";"1954";"-";"-";"-";"3096";"3078";"3023";"3045";"3080";"3023";"2937";"2855";"2733";"-";"-";"-";"1338";"1428";"1522";"1586";"1615";"1590";"1649";"1681";"1693";"-";"-";"-";"2324";"2473";"2612";"2676";"2725";"2648";"2669";"2660";"2700";"-";"-";"-";"719";"749";"800";"791";"808";"883";"950";"994";"1044";"-";"-";"-";"1599";"1634";"1674";"1670";"1701";"1816";"1925";"2031";"2077";"-";"-";"-";"278";"313";"326";"353";"395";"429";"453";"477";"502";"-";"-";"-";"805";"895";"967";"1041";"1116";"1251";"1324";"1392";"1432";
"2122312000";"Powiat olkuski";"2698";"2688";"2591";"2477";"2453";"2527";"2601";"2652";"2893";"2961";"2909";"2822";"2618";"2555";"2459";"2426";"2411";"2472";"2536";"2606";"2836";"2829";"2831";"2678";"3231";"3051";"2958";"2917";"2780";"2685";"2662";"2587";"2523";"2475";"2561";"2671";"3146";"2983";"2912";"2833";"2703";"2573";"2527";"2427";"2443";"2426";"2493";"2614";"4150";"4014";"3845";"3599";"3410";"3225";"3037";"2938";"2921";"2812";"2692";"2660";"3930";"3825";"3627";"3410";"3247";"3138";"2989";"2909";"2801";"2677";"2583";"2527";"4860";"4648";"4446";"4238";"4143";"4020";"3897";"3742";"3510";"3355";"3164";"2976";"4563";"4349";"4182";"4029";"3959";"3803";"3706";"3525";"3321";"3211";"3040";"2915";"4635";"4686";"4688";"4764";"4750";"4613";"4448";"4312";"4139";"4027";"3965";"3849";"4386";"4415";"4468";"4490";"4463";"4385";"4173";"4076";"3883";"3767";"3711";"3635";"4569";"4697";"4855";"4957";"4945";"4913";"4903";"4866";"4891";"4819";"4642";"4461";"4363";"4487";"4583";"4661";"4621";"4602";"4660";"4638";"4599";"4472";"4365";"4119";"3609";"3765";"3914";"4082";"4273";"4488";"4624";"4805";"4959";"4913";"4874";"4810";"3597";"3741";"3808";"3971";"4095";"4232";"4365";"4461";"4554";"4550";"4565";"4522";"3481";"3392";"3342";"3370";"3457";"3525";"3721";"3853";"4149";"4325";"4488";"4612";"3507";"3385";"3359";"3389";"3424";"3543";"3699";"3775";"4012";"4136";"4229";"4393";"4355";"4099";"3918";"3668";"3500";"3396";"3326";"3264";"3385";"3484";"3578";"3739";"4482";"4226";"4028";"3800";"3709";"3467";"3368";"3333";"3387";"3443";"3591";"3708";"4931";"4899";"4864";"4696";"4521";"4266";"3984";"3792";"3578";"3451";"3356";"3285";"5091";"5082";"5059";"4909";"4661";"4453";"4191";"3984";"3803";"3687";"3463";"3353";"4587";"4684";"4712";"4788";"4723";"4726";"4680";"4645";"4546";"4374";"4134";"3881";"4442";"4650";"4738";"4885";"4935";"5004";"5007";"4969";"4845";"4625";"4390";"4134";"2774";"3114";"3502";"3840";"4103";"4325";"4412";"4375";"4561";"4491";"4541";"4506";"2937";"3248";"3576";"3887";"4104";"4294";"4497";"4590";"4772";"4811";"4863";"4854";"2171";"2118";"2047";"2075";"2284";"2528";"2866";"3199";"3606";"3845";"4007";"4104";"2494";"2353";"2302";"2294";"2522";"2838";"3138";"3434";"3732";"3981";"4188";"4402";"2164";"2143";"2159";"2108";"2020";"1918";"1874";"1822";"1870";"2089";"2319";"2628";"2677";"2688";"2696";"2650";"2512";"2371";"2243";"2204";"2183";"2411";"2709";"2996";"-";"-";"-";"1822";"1788";"1798";"1804";"1836";"1784";"1715";"1643";"1603";"-";"-";"-";"2493";"2525";"2501";"2524";"2515";"2478";"2350";"2214";"2088";"-";"-";"-";"1372";"1427";"1447";"1428";"1420";"1382";"1370";"1391";"1418";"-";"-";"-";"2191";"2187";"2280";"2272";"2257";"2213";"2224";"2230";"2265";"-";"-";"-";"743";"778";"811";"841";"871";"921";"957";"966";"968";"-";"-";"-";"1429";"1505";"1543";"1608";"1668";"1733";"1782";"1822";"1814";"-";"-";"-";"321";"333";"358";"407";"455";"506";"545";"568";"605";"-";"-";"-";"818";"867";"925";"995";"1088";"1203";"1298";"1373";"1458";
"2122313000";"Powiat oświęcimski";"3784";"3650";"3661";"3589";"3611";"3682";"3828";"3884";"4141";"4103";"4018";"3940";"3606";"3493";"3352";"3334";"3258";"3279";"3456";"3607";"3950";"4019";"3992";"3876";"4478";"4309";"4171";"4051";"3939";"3806";"3670";"3671";"3637";"3682";"3788";"3950";"4372";"4129";"3926";"3825";"3735";"3620";"3505";"3348";"3394";"3382";"3497";"3699";"5749";"5576";"5323";"5021";"4673";"4489";"4312";"4173";"4037";"3927";"3853";"3732";"5464";"5290";"5173";"4925";"4613";"4375";"4132";"3916";"3794";"3717";"3631";"3505";"6597";"6337";"6227";"6065";"5925";"5741";"5579";"5302";"5009";"4718";"4456";"4299";"6136";"5953";"5701";"5531";"5489";"5408";"5239";"5138";"4842";"4588";"4299";"4109";"6356";"6368";"6384";"6423";"6407";"6283";"6098";"6013";"5816";"5711";"5643";"5496";"5841";"5901";"6063";"6121";"6086";"6022";"5905";"5634";"5393";"5336";"5291";"5165";"5789";"6053";"6319";"6416";"6460";"6486";"6516";"6479";"6487";"6408";"6252";"6087";"5706";"5893";"5992";"6052";"6024";"6019";"6129";"6213";"6156";"6067";"6003";"5848";"5134";"5184";"5250";"5403";"5500";"5645";"5932";"6129";"6348";"6427";"6476";"6425";"5033";"5014";"5199";"5329";"5512";"5605";"5758";"5839";"5986";"5948";"5951";"6044";"5170";"5119";"5093";"5060";"5049";"5041";"5054";"5131";"5397";"5536";"5717";"5998";"4950";"4907";"4879";"4915";"4905";"5013";"4984";"5150";"5346";"5515";"5656";"5788";"5857";"5630";"5390";"5200";"5144";"5102";"5031";"4993";"5056";"5034";"5029";"5064";"5863";"5629";"5418";"5151";"5053";"4954";"4895";"4854";"4949";"4952";"5009";"5004";"6065";"6143";"6195";"6152";"5983";"5735";"5525";"5335";"5228";"5166";"5136";"5061";"6210";"6299";"6269";"6250";"6046";"5835";"5615";"5397";"5168";"5059";"4991";"4969";"5060";"5301";"5454";"5640";"5692";"5847";"5905";"5911";"6068";"5926";"5694";"5489";"5582";"5675";"5845";"5932";"6011";"6091";"6215";"6177";"6209";"6043";"5834";"5603";"3674";"3881";"4094";"4334";"4589";"4739";"4990";"5178";"5405";"5474";"5604";"5692";"4056";"4418";"4722";"5024";"5270";"5460";"5548";"5721";"5816";"5896";"5959";"6078";"3264";"3148";"3084";"3067";"3116";"3328";"3524";"3732";"4047";"4286";"4441";"4674";"4010";"3766";"3656";"3606";"3738";"3906";"4266";"4567";"4884";"5113";"5286";"5376";"3178";"3196";"3167";"3102";"2974";"2908";"2756";"2687";"2697";"2770";"2964";"3136";"3917";"4027";"3958";"3957";"3835";"3777";"3558";"3454";"3444";"3585";"3750";"4082";"-";"-";"-";"2618";"2689";"2633";"2676";"2660";"2630";"2515";"2451";"2334";"-";"-";"-";"3603";"3639";"3626";"3710";"3653";"3641";"3558";"3493";"3307";"-";"-";"-";"1611";"1702";"1865";"1959";"1966";"2008";"2093";"2048";"2085";"-";"-";"-";"2617";"2725";"2907";"3007";"3123";"3166";"3208";"3208";"3247";"-";"-";"-";"731";"820";"848";"905";"991";"1101";"1175";"1282";"1314";"-";"-";"-";"1663";"1784";"1822";"1885";"1952";"2048";"2136";"2266";"2370";"-";"-";"-";"302";"332";"369";"393";"437";"499";"560";"579";"619";"-";"-";"-";"855";"911";"972";"1057";"1187";"1317";"1449";"1493";"1575";
"2122315000";"Powiat suski";"2577";"2491";"2359";"2323";"2234";"2230";"2308";"2412";"2546";"2572";"2548";"2489";"2431";"2330";"2285";"2230";"2213";"2226";"2277";"2294";"2450";"2434";"2389";"2312";"2976";"2875";"2832";"2714";"2673";"2561";"2474";"2351";"2363";"2293";"2317";"2429";"2815";"2779";"2652";"2565";"2462";"2420";"2320";"2276";"2275";"2267";"2294";"2358";"3474";"3393";"3314";"3219";"3066";"2996";"2898";"2853";"2754";"2712";"2592";"2497";"3157";"3090";"3066";"3023";"2898";"2827";"2785";"2657";"2606";"2526";"2469";"2370";"3562";"3535";"3471";"3457";"3447";"3435";"3355";"3229";"3191";"3058";"2964";"2864";"3562";"3444";"3318";"3270";"3234";"3145";"3049";"2992";"3007";"2911";"2796";"2764";"3319";"3378";"3449";"3511";"3537";"3500";"3439";"3385";"3376";"3385";"3410";"3363";"3153";"3245";"3324";"3337";"3368";"3428";"3357";"3230";"3138";"3151";"3084";"3039";"3090";"3166";"3253";"3285";"3337";"3354";"3418";"3491";"3487";"3530";"3493";"3433";"2961";"3006";"3033";"3128";"3115";"3151";"3272";"3366";"3315";"3324";"3342";"3273";"2837";"2870";"2918";"2957";"3000";"3057";"3139";"3188";"3258";"3290";"3303";"3359";"2639";"2683";"2764";"2803";"2905";"2916";"2964";"2997";"3128";"3079";"3071";"3165";"2927";"2879";"2797";"2778";"2767";"2799";"2842";"2882";"2980";"3007";"3071";"3126";"2509";"2513";"2552";"2556";"2602";"2655";"2693";"2751";"2869";"2965";"2990";"3011";"2954";"2950";"2928";"2928";"2896";"2885";"2836";"2756";"2818";"2819";"2809";"2829";"2668";"2672";"2650";"2580";"2557";"2521";"2528";"2557";"2595";"2644";"2684";"2732";"2883";"2973";"3040";"3024";"2999";"2925";"2912";"2867";"2898";"2879";"2875";"2824";"2576";"2582";"2632";"2651";"2667";"2680";"2698";"2659";"2594";"2580";"2545";"2551";"2526";"2562";"2634";"2692";"2696";"2810";"2894";"2944";"2978";"2980";"2887";"2865";"2352";"2421";"2460";"2549";"2545";"2600";"2600";"2637";"2656";"2680";"2677";"2678";"1633";"1792";"1991";"2207";"2367";"2426";"2435";"2501";"2625";"2612";"2697";"2787";"1786";"1874";"2037";"2204";"2295";"2352";"2412";"2442";"2544";"2522";"2578";"2583";"1530";"1461";"1394";"1330";"1386";"1503";"1660";"1859";"2080";"2233";"2302";"2338";"1823";"1773";"1655";"1592";"1659";"1769";"1853";"2020";"2160";"2257";"2316";"2379";"1515";"1471";"1460";"1449";"1408";"1371";"1286";"1234";"1170";"1220";"1344";"1488";"1997";"1989";"1992";"1930";"1860";"1761";"1721";"1608";"1551";"1594";"1700";"1783";"-";"-";"-";"1253";"1237";"1236";"1241";"1219";"1232";"1214";"1176";"1084";"-";"-";"-";"1819";"1838";"1854";"1862";"1871";"1806";"1761";"1656";"1604";"-";"-";"-";"893";"951";"928";"954";"958";"938";"919";"920";"931";"-";"-";"-";"1535";"1549";"1589";"1582";"1573";"1578";"1605";"1619";"1640";"-";"-";"-";"465";"461";"503";"514";"529";"571";"617";"602";"625";"-";"-";"-";"1027";"1027";"1063";"1094";"1137";"1188";"1196";"1222";"1226";"-";"-";"-";"210";"238";"240";"249";"263";"277";"290";"320";"347";"-";"-";"-";"522";"587";"631";"676";"748";"861";"893";"899";"965";
"2122318000";"Powiat wadowicki";"4536";"4343";"4232";"4151";"4214";"4211";"4307";"4400";"4665";"4688";"4704";"4640";"4225";"4166";"4090";"4013";"3977";"4016";"4119";"4265";"4605";"4644";"4606";"4405";"5157";"5028";"4906";"4755";"4594";"4520";"4325";"4199";"4300";"4343";"4344";"4463";"4941";"4698";"4528";"4492";"4378";"4233";"4175";"4076";"4104";"4075";"4168";"4303";"6404";"6261";"5981";"5715";"5451";"5172";"5028";"4904";"4809";"4694";"4630";"4446";"6126";"6035";"5803";"5511";"5170";"4973";"4734";"4555";"4536";"4472";"4337";"4285";"6644";"6540";"6435";"6424";"6351";"6311";"6170";"5903";"5700";"5440";"5150";"5027";"6423";"6289";"6162";"6065";"6121";"6016";"5920";"5693";"5433";"5136";"4924";"4696";"6514";"6484";"6625";"6708";"6595";"6461";"6376";"6310";"6296";"6266";"6265";"6148";"6140";"6245";"6292";"6331";"6331";"6249";"6134";"6063";"5979";"6024";"5995";"5891";"6163";"6360";"6453";"6515";"6566";"6676";"6660";"6753";"6692";"6632";"6518";"6412";"5844";"5968";"6093";"6151";"6188";"6272";"6436";"6457";"6410";"6359";"6233";"6085";"5445";"5519";"5640";"5782";"5951";"6078";"6304";"6400";"6433";"6448";"6545";"6516";"5183";"5262";"5439";"5557";"5650";"5782";"5887";"5975";"6084";"6080";"6194";"6288";"5226";"5257";"5274";"5234";"5291";"5410";"5509";"5645";"5880";"6023";"6148";"6335";"4986";"4951";"4997";"5032";"5060";"5141";"5197";"5372";"5626";"5762";"5871";"5974";"5664";"5508";"5354";"5358";"5274";"5171";"5199";"5223";"5287";"5337";"5446";"5554";"5486";"5392";"5200";"5122";"5041";"4977";"4952";"4985";"5071";"5096";"5175";"5283";"5560";"5642";"5763";"5673";"5568";"5558";"5403";"5236";"5345";"5283";"5178";"5223";"5495";"5567";"5581";"5589";"5539";"5476";"5361";"5179";"5146";"5069";"5005";"4972";"4731";"4909";"5032";"5181";"5287";"5366";"5429";"5563";"5641";"5539";"5486";"5306";"4833";"5029";"5194";"5324";"5389";"5475";"5548";"5540";"5609";"5567";"5492";"5372";"3259";"3504";"3775";"4065";"4301";"4446";"4651";"4769";"5004";"5089";"5210";"5288";"3528";"3746";"4060";"4336";"4555";"4779";"4974";"5136";"5256";"5334";"5431";"5507";"2741";"2642";"2585";"2645";"2792";"2999";"3239";"3457";"3788";"4035";"4165";"4365";"3385";"3263";"3170";"3081";"3248";"3438";"3661";"3954";"4245";"4444";"4638";"4847";"2696";"2710";"2648";"2535";"2502";"2393";"2301";"2256";"2340";"2470";"2680";"2885";"3527";"3511";"3490";"3545";"3408";"3248";"3128";"3032";"2906";"3050";"3240";"3456";"-";"-";"-";"2252";"2194";"2227";"2238";"2209";"2118";"2098";"1990";"1938";"-";"-";"-";"3281";"3273";"3267";"3241";"3238";"3278";"3152";"2977";"2876";"-";"-";"-";"1482";"1556";"1616";"1681";"1690";"1696";"1641";"1679";"1702";"-";"-";"-";"2706";"2799";"2873";"2909";"2906";"2835";"2840";"2853";"2847";"-";"-";"-";"730";"765";"809";"828";"912";"985";"1043";"1080";"1105";"-";"-";"-";"1657";"1765";"1855";"1964";"2047";"2107";"2161";"2201";"2240";"-";"-";"-";"290";"323";"357";"412";"455";"481";"516";"542";"565";"-";"-";"-";"913";"973";"1048";"1115";"1166";"1341";"1504";"1640";"1738";
"2122402000";"Powiat brzeski";"2732";"2615";"2501";"2448";"2404";"2446";"2491";"2552";"2782";"2777";"2777";"2713";"2602";"2529";"2471";"2412";"2356";"2364";"2444";"2534";"2701";"2677";"2644";"2550";"3335";"3254";"3152";"3020";"2896";"2754";"2636";"2515";"2501";"2506";"2546";"2638";"3136";"3017";"2858";"2741";"2663";"2600";"2522";"2485";"2470";"2460";"2494";"2572";"3984";"3857";"3733";"3600";"3448";"3343";"3238";"3160";"3071";"2938";"2810";"2708";"3671";"3665";"3560";"3481";"3314";"3143";"3031";"2870";"2789";"2709";"2649";"2566";"4197";"4160";"4067";"4018";"3968";"3865";"3770";"3632";"3550";"3443";"3348";"3238";"3918";"3764";"3647";"3529";"3524";"3484";"3470";"3377";"3415";"3297";"3125";"2974";"3657";"3756";"3852";"3937";"4004";"4067";"4053";"4026";"3956";"3915";"3859";"3733";"3502";"3630";"3787";"3818";"3896";"3898";"3753";"3672";"3505";"3465";"3486";"3514";"3512";"3577";"3676";"3740";"3746";"3772";"3899";"3958";"3914";"3967";"4028";"4067";"3392";"3540";"3580";"3640";"3655";"3701";"3831";"3931";"3758";"3775";"3712";"3572";"3047";"3079";"3169";"3270";"3301";"3438";"3516";"3632";"3733";"3769";"3729";"3736";"3052";"3105";"3142";"3193";"3295";"3338";"3454";"3529";"3582";"3584";"3619";"3697";"3129";"3147";"3074";"3042";"3048";"3028";"3029";"3098";"3374";"3392";"3540";"3617";"2888";"2901";"2934";"2985";"2980";"3028";"3085";"3113";"3235";"3325";"3379";"3464";"3268";"3281";"3274";"3229";"3148";"3097";"3113";"3016";"3042";"3059";"3035";"3073";"2977";"2942";"2898";"2926";"2897";"2893";"2898";"2943";"2989";"2998";"3050";"3121";"3055";"3057";"3128";"3140";"3202";"3218";"3209";"3205";"3170";"3117";"3075";"3107";"2833";"2810";"2921";"2882";"2971";"2978";"2941";"2893";"2972";"2924";"2896";"2885";"2650";"2730";"2838";"2924";"2965";"3035";"3013";"3057";"3110";"3150";"3168";"3150";"2640";"2737";"2706";"2775";"2771";"2847";"2815";"2929";"2904";"2968";"2996";"2954";"1831";"2005";"2111";"2281";"2412";"2524";"2637";"2746";"2830";"2844";"2903";"2890";"2004";"2189";"2351";"2499";"2615";"2622";"2716";"2685";"2761";"2763";"2820";"2802";"1560";"1484";"1481";"1501";"1584";"1715";"1876";"1966";"2147";"2290";"2386";"2474";"1815";"1736";"1673";"1661";"1787";"1983";"2164";"2303";"2418";"2542";"2558";"2644";"1531";"1568";"1555";"1540";"1484";"1387";"1310";"1337";"1342";"1412";"1545";"1684";"1985";"1988";"2006";"2008";"1855";"1736";"1673";"1622";"1602";"1697";"1898";"2066";"-";"-";"-";"1259";"1265";"1260";"1309";"1295";"1282";"1246";"1156";"1121";"-";"-";"-";"1840";"1817";"1812";"1829";"1856";"1860";"1719";"1615";"1551";"-";"-";"-";"877";"931";"954";"978";"978";"946";"966";"985";"1016";"-";"-";"-";"1557";"1614";"1632";"1641";"1647";"1600";"1606";"1586";"1615";"-";"-";"-";"441";"457";"474";"468";"517";"575";"610";"647";"660";"-";"-";"-";"1124";"1191";"1174";"1175";"1162";"1191";"1247";"1293";"1297";"-";"-";"-";"221";"231";"252";"263";"267";"276";"316";"328";"339";"-";"-";"-";"557";"573";"646";"717";"789";"881";"930";"960";"973";
"2122404000";"Powiat dąbrowski";"1624";"1556";"1486";"1383";"1368";"1386";"1435";"1485";"1585";"1587";"1597";"1581";"1583";"1514";"1441";"1379";"1328";"1272";"1304";"1301";"1398";"1404";"1421";"1384";"2084";"1972";"1861";"1825";"1717";"1617";"1541";"1469";"1513";"1502";"1528";"1570";"2066";"1935";"1878";"1785";"1687";"1576";"1506";"1440";"1462";"1408";"1388";"1436";"2545";"2515";"2460";"2354";"2240";"2101";"1978";"1854";"1836";"1744";"1664";"1583";"2354";"2385";"2334";"2242";"2142";"2065";"1935";"1882";"1814";"1720";"1613";"1545";"2700";"2627";"2556";"2502";"2459";"2442";"2426";"2401";"2325";"2234";"2103";"1980";"2596";"2505";"2376";"2321";"2307";"2268";"2292";"2227";"2219";"2145";"2060";"1876";"2426";"2506";"2579";"2675";"2694";"2658";"2574";"2506";"2461";"2420";"2431";"2410";"2311";"2426";"2515";"2555";"2604";"2561";"2466";"2365";"2289";"2274";"2288";"2330";"2391";"2445";"2468";"2424";"2453";"2460";"2559";"2612";"2662";"2679";"2622";"2566";"2187";"2245";"2241";"2307";"2318";"2375";"2495";"2570";"2510";"2540";"2477";"2372";"2094";"2091";"2165";"2234";"2283";"2353";"2399";"2412";"2391";"2401";"2423";"2477";"2033";"2049";"2097";"2103";"2124";"2134";"2200";"2188";"2322";"2325";"2346";"2440";"2154";"2188";"2133";"2097";"2079";"2062";"2069";"2114";"2236";"2284";"2360";"2384";"1865";"1847";"1848";"1894";"1941";"2012";"2023";"2063";"2138";"2171";"2196";"2227";"2140";"2101";"2095";"2100";"2116";"2125";"2150";"2092";"2124";"2106";"2079";"2088";"1880";"1924";"1930";"1922";"1907";"1848";"1823";"1825";"1914";"1964";"2047";"2053";"1979";"2071";"2092";"2133";"2110";"2112";"2074";"2072";"2100";"2107";"2121";"2145";"1779";"1829";"1837";"1859";"1872";"1879";"1914";"1913";"1939";"1927";"1862";"1839";"1677";"1749";"1840";"1866";"1915";"1943";"1998";"2043";"2114";"2107";"2097";"2056";"1590";"1631";"1669";"1695";"1697";"1767";"1810";"1828";"1881";"1881";"1871";"1914";"1137";"1229";"1314";"1445";"1536";"1623";"1690";"1753";"1801";"1863";"1901";"1957";"1292";"1367";"1400";"1484";"1567";"1581";"1609";"1634";"1707";"1701";"1795";"1834";"1016";"1006";"981";"905";"940";"1043";"1128";"1213";"1357";"1422";"1498";"1581";"1180";"1125";"1157";"1151";"1166";"1272";"1339";"1376";"1451";"1551";"1567";"1596";"1125";"1081";"1066";"1069";"1000";"921";"919";"891";"806";"846";"943";"1022";"1419";"1401";"1392";"1326";"1235";"1138";"1076";"1103";"1077";"1095";"1191";"1262";"-";"-";"-";"922";"953";"962";"922";"908";"896";"834";"773";"777";"-";"-";"-";"1264";"1303";"1328";"1316";"1304";"1233";"1158";"1042";"974";"-";"-";"-";"622";"646";"660";"703";"691";"730";"755";"760";"725";"-";"-";"-";"1165";"1178";"1150";"1134";"1098";"1089";"1134";"1174";"1167";"-";"-";"-";"364";"380";"389";"389";"408";"397";"409";"434";"468";"-";"-";"-";"754";"773";"795";"851";"865";"898";"908";"896";"907";"-";"-";"-";"157";"176";"203";"208";"221";"245";"267";"274";"279";"-";"-";"-";"374";"391";"448";"479";"537";"589";"626";"650";"708";
"2122416000";"Powiat tarnowski";"5778";"5781";"5555";"5405";"5245";"5179";"5280";"5417";"5725";"5821";"5789";"5604";"5568";"5554";"5337";"5088";"5002";"4935";"5006";"5152";"5432";"5428";"5459";"5346";"7038";"7075";"6885";"6573";"6275";"6099";"5847";"5612";"5601";"5457";"5436";"5594";"6794";"6831";"6552";"6348";"6015";"5809";"5570";"5336";"5246";"5194";"5208";"5321";"8277";"8485";"8259";"7998";"7731";"7384";"7152";"6936";"6661";"6394";"6227";"6051";"7899";"8077";"7953";"7739";"7421";"7146";"6869";"6578";"6469";"6178";"5951";"5745";"8521";"8801";"8762";"8619";"8597";"8480";"8413";"8163";"8023";"7800";"7442";"7148";"7973";"8217";"8086";"8010";"8046";"8081";"7982";"7875";"7666";"7433";"7101";"6819";"7488";"8070";"8258";"8560";"8590";"8610";"8526";"8526";"8365";"8343";"8404";"8353";"7034";"7665";"7851";"8089";"8250";"8163";"8043";"7936";"7745";"7817";"7947";"7901";"6952";"7531";"7592";"7699";"7770";"7927";"8139";"8384";"8358";"8439";"8450";"8460";"6724";"7153";"7283";"7405";"7359";"7646";"7835";"8014";"7966";"8052";"7907";"7808";"6572";"6804";"6935";"6934";"6975";"7228";"7410";"7457";"7694";"7758";"7887";"7980";"6342";"6678";"6822";"6878";"7012";"6987";"7111";"7207";"7496";"7385";"7595";"7728";"6816";"7091";"6954";"6965";"6942";"6851";"6778";"6903";"7128";"7206";"7409";"7538";"6145";"6426";"6470";"6470";"6480";"6637";"6664";"6794";"6992";"7219";"7210";"7303";"6658";"6984";"7100";"7150";"7117";"7106";"7084";"6958";"7046";"7016";"6970";"6988";"6030";"6314";"6268";"6314";"6405";"6389";"6438";"6465";"6507";"6515";"6673";"6754";"5959";"6371";"6518";"6612";"6789";"6898";"6891";"7017";"7136";"7081";"7065";"7060";"5338";"5752";"6028";"6162";"6276";"6327";"6346";"6257";"6361";"6411";"6412";"6462";"4808";"5310";"5565";"5858";"5998";"6144";"6268";"6406";"6570";"6752";"6859";"6851";"4839";"5104";"5210";"5342";"5418";"5594";"5794";"6068";"6195";"6301";"6324";"6399";"3417";"3834";"4062";"4329";"4658";"4867";"5137";"5364";"5654";"5832";"5973";"6133";"3882";"4286";"4377";"4602";"4887";"5070";"5095";"5214";"5310";"5395";"5606";"5772";"3231";"3214";"3156";"3065";"3130";"3388";"3639";"3839";"4114";"4406";"4628";"4901";"3814";"3880";"3838";"3743";"3783";"4019";"4232";"4317";"4496";"4774";"4939";"5012";"3368";"3535";"3558";"3525";"3339";"3100";"2917";"2867";"2767";"2803";"3038";"3288";"4178";"4351";"4337";"4268";"4071";"3852";"3751";"3694";"3582";"3619";"3849";"4046";"-";"-";"-";"2908";"2977";"3003";"3002";"3008";"2981";"2820";"2629";"2482";"-";"-";"-";"4133";"4168";"4123";"4053";"4056";"3990";"3792";"3595";"3484";"-";"-";"-";"2000";"2084";"2119";"2176";"2206";"2221";"2303";"2329";"2368";"-";"-";"-";"3505";"3565";"3586";"3584";"3569";"3586";"3619";"3582";"3580";"-";"-";"-";"1102";"1127";"1184";"1214";"1242";"1288";"1338";"1385";"1468";"-";"-";"-";"2304";"2425";"2536";"2592";"2664";"2770";"2833";"2840";"2837";"-";"-";"-";"453";"499";"565";"610";"667";"697";"751";"813";"834";"-";"-";"-";"1244";"1355";"1455";"1589";"1740";"1876";"1991";"2131";"2257";
"2122463000";"Powiat m.Tarnów";"2818";"2692";"2617";"2564";"2501";"2463";"2509";"2522";"2643";"2639";"2654";"2578";"2674";"2519";"2429";"2356";"2349";"2267";"2332";"2355";"2547";"2499";"2435";"2293";"3266";"3109";"2943";"2868";"2816";"2696";"2586";"2567";"2480";"2417";"2407";"2488";"3111";"3007";"2842";"2781";"2653";"2598";"2467";"2415";"2325";"2326";"2272";"2369";"4066";"3843";"3728";"3545";"3287";"3154";"3000";"2813";"2770";"2729";"2624";"2498";"3998";"3763";"3554";"3377";"3185";"2994";"2887";"2760";"2643";"2542";"2504";"2384";"5292";"4987";"4720";"4481";"4383";"4156";"3950";"3835";"3433";"3221";"3090";"2990";"5218";"4925";"4804";"4583";"4482";"4323";"4015";"3805";"3345";"3146";"2998";"2962";"5155";"5237";"5229";"5209";"5127";"4986";"4712";"4401";"4060";"3969";"3781";"3552";"4807";"4790";"4880";"4911";"4914";"4826";"4656";"4428";"4060";"3921";"3709";"3442";"4756";"4834";"4913";"4923";"4892";"4889";"4897";"4951";"5014";"4839";"4617";"4344";"4535";"4643";"4688";"4707";"4615";"4626";"4634";"4680";"4817";"4701";"4536";"4333";"4037";"4113";"4217";"4272";"4345";"4487";"4604";"4695";"4739";"4778";"4817";"4880";"3896";"3981";"4103";"4136";"4277";"4317";"4434";"4491";"4542";"4520";"4573";"4574";"3910";"3876";"3805";"3816";"3806";"3819";"3890";"3989";"4009";"4109";"4251";"4357";"3920";"3828";"3734";"3735";"3725";"3763";"3830";"3926";"3985";"4080";"4174";"4289";"4227";"4045";"3929";"3832";"3780";"3685";"3660";"3608";"3556";"3581";"3639";"3620";"4662";"4472";"4275";"4028";"3877";"3788";"3708";"3623";"3589";"3569";"3601";"3649";"4480";"4482";"4421";"4295";"4199";"4023";"3841";"3752";"3593";"3532";"3488";"3473";"5272";"5193";"5071";"4956";"4772";"4499";"4300";"4131";"3897";"3756";"3676";"3594";"4103";"4136";"4209";"4233";"4164";"4159";"4192";"4146";"4056";"3967";"3772";"3605";"4701";"4733";"4860";"4976";"5020";"5057";"4981";"4887";"4810";"4663";"4402";"4159";"2935";"3200";"3337";"3478";"3640";"3733";"3787";"3866";"3883";"3851";"3882";"3915";"3626";"3951";"4115";"4293";"4435";"4490";"4564";"4697";"4834";"4875";"4914";"4851";"2328";"2249";"2261";"2329";"2467";"2632";"2870";"2985";"3163";"3325";"3428";"3439";"2974";"2869";"2856";"2857";"3120";"3481";"3775";"3944";"4134";"4271";"4330";"4406";"2201";"2227";"2292";"2295";"2156";"2046";"1983";"2015";"2088";"2189";"2357";"2589";"2946";"3020";"3052";"3081";"3002";"2833";"2730";"2730";"2719";"2958";"3285";"3580";"-";"-";"-";"1738";"1790";"1812";"1860";"1933";"1937";"1863";"1786";"1727";"-";"-";"-";"2717";"2674";"2697";"2791";"2833";"2864";"2804";"2647";"2558";"-";"-";"-";"1177";"1251";"1354";"1348";"1343";"1364";"1413";"1447";"1490";"-";"-";"-";"2050";"2167";"2285";"2308";"2380";"2366";"2352";"2389";"2463";"-";"-";"-";"592";"627";"639";"685";"743";"804";"855";"934";"971";"-";"-";"-";"1302";"1369";"1375";"1455";"1521";"1634";"1741";"1849";"1887";"-";"-";"-";"282";"279";"292";"335";"376";"408";"441";"460";"494";"-";"-";"-";"785";"821";"874";"942";"1012";"1065";"1151";"1224";"1317";
